datetime,open,high,low,close,volume
2021-07-02 00:00:00+05:30,1755.0,1767.85,1740.2,1754.75,1259675
2021-07-05 00:00:00+05:30,1760.0,1762.9,1743.0,1749.9,632904
2021-07-06 00:00:00+05:30,1750.0,1774.0,1746.05,1762.8,960973
2021-07-07 00:00:00+05:30,1762.8,1783.4,1718.0,1727.25,2188364
2021-07-08 00:00:00+05:30,1730.0,1746.0,1721.25,1726.35,1167637
2021-07-09 00:00:00+05:30,1724.0,1739.95,1718.0,1720.6,831213
2021-07-12 00:00:00+05:30,1730.0,1739.2,1711.9,1719.85,792602
2021-07-13 00:00:00+05:30,1730.0,1735.0,1717.45,1724.25,797913
2021-07-14 00:00:00+05:30,1726.0,1728.6,1705.0,1710.35,891780
2021-07-15 00:00:00+05:30,1705.5,1716.75,1694.5,1701.55,943422
2021-07-16 00:00:00+05:30,1706.9,1710.0,1688.65,1695.35,907734
2021-07-19 00:00:00+05:30,1694.35,1709.25,1674.9,1680.35,831260
2021-07-20 00:00:00+05:30,1680.35,1691.45,1662.5,1671.4,819793
2021-07-22 00:00:00+05:30,1695.0,1714.65,1682.2,1701.75,1146821
2021-07-23 00:00:00+05:30,1714.65,1725.95,1697.0,1700.95,1053239
2021-07-26 00:00:00+05:30,1700.9,1736.85,1700.0,1722.85,1435514
2021-07-27 00:00:00+05:30,1733.0,1742.4,1713.35,1729.05,1075244
2021-07-28 00:00:00+05:30,1730.0,1749.2,1715.6,1723.55,1714957
2021-07-29 00:00:00+05:30,1739.0,1756.3,1727.8,1739.15,1346162
2021-07-30 00:00:00+05:30,1742.0,1747.9,1711.2,1714.55,1199644
2021-08-02 00:00:00+05:30,1728.0,1776.0,1725.0,1771.55,1718511
2021-08-03 00:00:00+05:30,1780.0,1854.95,1777.15,1840.2,5956344
2021-08-04 00:00:00+05:30,1857.2,1858.65,1795.0,1799.6,2040687
2021-08-05 00:00:00+05:30,1820.05,1821.2,1763.2,1799.3,2301814
2021-08-06 00:00:00+05:30,1796.0,1796.35,1778.0,1787.75,877876
2021-08-09 00:00:00+05:30,1787.75,1831.6,1777.75,1799.15,1770502
2021-08-10 00:00:00+05:30,1810.0,1822.0,1793.35,1799.2,862746
2021-08-11 00:00:00+05:30,1805.0,1815.0,1773.55,1789.4,748179
2021-08-12 00:00:00+05:30,1798.0,1829.6,1781.0,1823.6,889082
2021-08-13 00:00:00+05:30,1830.0,1841.0,1818.75,1837.9,1194666
2021-08-16 00:00:00+05:30,1828.0,1847.05,1817.0,1837.2,461655
2021-08-17 00:00:00+05:30,1840.0,1878.35,1828.65,1874.45,1917077
2021-08-18 00:00:00+05:30,1887.8,1890.65,1860.0,1880.3,1029077
2021-08-20 00:00:00+05:30,1859.4,1892.3,1857.95,1876.8,1070166
2021-08-23 00:00:00+05:30,1889.0,1895.0,1847.85,1870.35,1092285
2021-08-24 00:00:00+05:30,1883.0,1887.3,1852.6,1869.6,1003905
2021-08-25 00:00:00+05:30,1860.0,1869.7,1820.0,1822.65,1280400
2021-08-26 00:00:00+05:30,1822.65,1834.6,1805.25,1815.35,1059290
2021-08-27 00:00:00+05:30,1824.0,1830.0,1797.0,1822.55,1020589
2021-08-30 00:00:00+05:30,1835.0,1886.95,1831.8,1878.45,1670309
2021-08-31 00:00:00+05:30,1878.45,1925.0,1875.55,1921.6,1816071
2021-09-01 00:00:00+05:30,1925.2,1953.95,1915.0,1939.4,1247432
2021-09-02 00:00:00+05:30,1958.5,1979.5,1946.85,1967.1,1167157
2021-09-03 00:00:00+05:30,1970.1,2024.4,1970.1,2019.3,1548784
2021-09-06 00:00:00+05:30,2025.0,2032.85,2006.15,2020.65,679133
2021-09-07 00:00:00+05:30,2014.0,2039.9,2012.7,2033.9,773091
2021-09-08 00:00:00+05:30,2033.95,2067.0,2015.05,2055.95,796813
2021-09-09 00:00:00+05:30,2052.0,2060.0,2021.05,2034.3,653397
2021-09-13 00:00:00+05:30,2037.0,2043.45,2021.15,2030.65,786459
2021-09-14 00:00:00+05:30,2038.9,2061.5,2032.05,2055.7,888765
2021-09-15 00:00:00+05:30,2060.0,2133.0,2060.0,2119.85,2795995
2021-09-16 00:00:00+05:30,2132.95,2132.95,2095.05,2108.7,725123
2021-09-17 00:00:00+05:30,2113.95,2150.0,2080.0,2095.6,1727410
2021-09-20 00:00:00+05:30,2088.0,2096.0,2070.55,2077.35,411738
2021-09-21 00:00:00+05:30,2075.0,2097.5,2062.1,2085.85,539788
2021-09-22 00:00:00+05:30,2096.8,2110.95,2073.4,2081.05,1057480
2021-09-23 00:00:00+05:30,2090.0,2113.75,2076.6,2105.05,711634
2021-09-24 00:00:00+05:30,2105.0,2115.0,2085.0,2092.9,540771
2021-09-27 00:00:00+05:30,2099.0,2107.35,2077.2,2090.25,507550
2021-09-28 00:00:00+05:30,2083.2,2138.0,2083.05,2129.3,923489
2021-09-29 00:00:00+05:30,2129.0,2167.9,2110.05,2147.5,912912
2021-09-30 00:00:00+05:30,2149.9,2185.0,2136.3,2161.85,1374265
2021-10-01 00:00:00+05:30,2157.0,2175.0,2122.65,2163.75,626710
2021-10-04 00:00:00+05:30,2160.0,2174.3,2138.0,2155.3,870878
2021-10-05 00:00:00+05:30,2155.3,2206.65,2130.0,2192.65,1329784
2021-10-06 00:00:00+05:30,2194.0,2204.7,2135.1,2147.65,895210
2021-10-07 00:00:00+05:30,2255.0,2384.25,2250.0,2375.35,8361061
2021-10-08 00:00:00+05:30,2420.0,2420.0,2353.0,2358.2,1845797
2021-10-11 00:00:00+05:30,2377.0,2406.1,2357.55,2362.4,1056932
2021-10-12 00:00:00+05:30,2365.0,2507.8,2342.65,2492.6,3517011
2021-10-13 00:00:00+05:30,2539.9,2608.95,2490.0,2537.2,4023645
2021-10-14 00:00:00+05:30,2575.3,2584.0,2532.35,2564.05,1546459
2021-10-18 00:00:00+05:30,2620.0,2677.9,2575.5,2588.8,2572741
2021-10-19 00:00:00+05:30,2638.0,2638.0,2468.75,2484.9,3546129
2021-10-20 00:00:00+05:30,2487.1,2505.55,2403.0,2411.4,2868983
2021-10-21 00:00:00+05:30,2433.9,2435.95,2380.05,2395.7,2303014
2021-10-22 00:00:00+05:30,2417.4,2494.95,2398.0,2412.0,3063724
2021-10-25 00:00:00+05:30,2405.0,2412.0,2340.0,2379.15,1446182
2021-10-26 00:00:00+05:30,2390.0,2468.45,2371.0,2454.75,2567357
2021-10-27 00:00:00+05:30,2468.0,2482.35,2452.2,2460.1,2082690
2021-10-28 00:00:00+05:30,2470.0,2470.0,2360.0,2375.15,3330380
2021-10-29 00:00:00+05:30,2400.0,2404.0,2346.55,2383.55,1450019
2021-11-01 00:00:00+05:30,2441.45,2441.45,2390.35,2406.3,1276469
2021-11-02 00:00:00+05:30,2422.8,2464.8,2421.05,2453.95,1546219
2021-11-03 00:00:00+05:30,2462.0,2471.65,2406.05,2417.95,1554405
2021-11-04 00:00:00+05:30,2439.0,2444.8,2422.0,2431.75,181506
2021-11-08 00:00:00+05:30,2477.9,2548.7,2448.3,2536.75,3449086
2021-11-09 00:00:00+05:30,2528.95,2543.8,2491.15,2512.1,1097405
2021-11-10 00:00:00+05:30,2505.0,2526.85,2472.2,2484.6,911235
2021-11-11 00:00:00+05:30,2484.0,2542.8,2476.3,2528.1,1726010
2021-11-12 00:00:00+05:30,2547.85,2561.75,2523.0,2539.5,1673817
2021-11-15 00:00:00+05:30,2551.0,2572.7,2531.7,2539.4,846885
2021-11-16 00:00:00+05:30,2550.1,2551.35,2520.15,2531.75,1133767
2021-11-17 00:00:00+05:30,2522.9,2539.0,2491.1,2499.35,892518
2021-11-18 00:00:00+05:30,2492.0,2520.0,2456.5,2478.2,739912
2021-11-22 00:00:00+05:30,2492.4,2492.4,2353.0,2391.3,1361329
2021-11-23 00:00:00+05:30,2380.0,2410.95,2365.05,2387.7,1247942
2021-11-24 00:00:00+05:30,2400.0,2405.25,2365.0,2375.85,614145
2021-11-25 00:00:00+05:30,2360.0,2403.2,2355.15,2397.8,662071
2021-11-26 00:00:00+05:30,2377.8,2385.1,2285.05,2292.3,1289322
2021-11-29 00:00:00+05:30,2290.0,2334.4,2231.4,2324.2,1094276
2021-11-30 00:00:00+05:30,2336.4,2390.0,2336.4,2375.5,2675375
2021-12-01 00:00:00+05:30,2409.8,2441.95,2347.4,2360.2,2177426
2021-12-02 00:00:00+05:30,2369.0,2422.5,2360.05,2386.5,1682636
2021-12-03 00:00:00+05:30,2405.0,2405.45,2355.05,2369.25,1062389
2021-12-06 00:00:00+05:30,2361.35,2379.85,2318.4,2325.3,547641
2021-12-07 00:00:00+05:30,2336.5,2385.85,2325.35,2380.55,904175
2021-12-08 00:00:00+05:30,2385.0,2418.0,2377.1,2405.55,926476
2021-12-09 00:00:00+05:30,2424.0,2424.0,2355.85,2373.15,1250492
2021-12-10 00:00:00+05:30,2385.4,2385.4,2296.3,2339.35,2288164
2021-12-13 00:00:00+05:30,2352.6,2386.0,2340.1,2350.5,992852
2021-12-14 00:00:00+05:30,2342.7,2371.25,2318.75,2354.85,765269
2021-12-15 00:00:00+05:30,2355.1,2368.25,2317.45,2323.15,567271
2021-12-16 00:00:00+05:30,2344.1,2364.8,2325.25,2357.25,998086
2021-12-17 00:00:00+05:30,2336.0,2339.3,2257.1,2280.4,1591893
2021-12-20 00:00:00+05:30,2259.7,2263.15,2205.0,2239.35,1063366
2021-12-21 00:00:00+05:30,2251.3,2310.0,2251.3,2287.65,883858
2021-12-22 00:00:00+05:30,2306.3,2308.1,2282.35,2299.75,643034
2021-12-23 00:00:00+05:30,2320.0,2337.55,2310.0,2329.9,613686
2021-12-24 00:00:00+05:30,2340.1,2341.9,2310.0,2319.45,534065
2021-12-27 00:00:00+05:30,2306.15,2344.0,2286.3,2331.3,537545
2021-12-28 00:00:00+05:30,2340.1,2384.95,2327.5,2379.85,871453
2021-12-29 00:00:00+05:30,2379.0,2416.45,2370.35,2402.15,764644
2021-12-30 00:00:00+05:30,2393.8,2448.0,2390.7,2437.3,1152684
2021-12-31 00:00:00+05:30,2447.3,2535.0,2444.6,2522.4,2225749
2022-01-03 00:00:00+05:30,2510.0,2546.0,2502.3,2523.85,921729
2022-01-04 00:00:00+05:30,2525.0,2594.95,2524.4,2583.0,1037293
2022-01-05 00:00:00+05:30,2576.0,2608.0,2560.1,2576.15,1244568
2022-01-06 00:00:00+05:30,2540.0,2601.35,2538.45,2595.9,1130508
2022-01-07 00:00:00+05:30,2630.0,2687.25,2562.35,2572.7,4625230
2022-01-10 00:00:00+05:30,2585.0,2663.55,2571.0,2657.5,1894316
2022-01-11 00:00:00+05:30,2650.0,2678.75,2634.3,2653.35,1123968
2022-01-12 00:00:00+05:30,2641.0,2672.0,2608.0,2612.95,1293999
2022-01-13 00:00:00+05:30,2611.0,2628.9,2588.0,2619.25,1023670
2022-01-14 00:00:00+05:30,2626.0,2639.0,2588.85,2592.75,1166457
2022-01-17 00:00:00+05:30,2592.75,2604.3,2550.4,2597.55,1172956
2022-01-18 00:00:00+05:30,2598.0,2635.0,2587.0,2600.6,1221314
2022-01-19 00:00:00+05:30,2598.0,2617.8,2571.1,2588.9,629040
2022-01-20 00:00:00+05:30,2597.0,2610.0,2550.0,2564.3,1215237
2022-01-21 00:00:00+05:30,2548.0,2561.9,2505.0,2528.15,1457884
2022-01-24 00:00:00+05:30,2520.0,2522.55,2376.0,2403.05,1411443
2022-01-25 00:00:00+05:30,2386.0,2407.75,2330.4,2376.5,2849686
2022-01-27 00:00:00+05:30,2327.0,2360.4,2260.0,2310.05,2460051
2022-01-28 00:00:00+05:30,2313.0,2377.8,2308.0,2315.6,1317407
2022-01-31 00:00:00+05:30,2353.0,2380.0,2336.35,2360.3,900510
2022-02-01 00:00:00+05:30,2378.8,2442.1,2358.95,2431.8,1246431
2022-02-02 00:00:00+05:30,2451.0,2477.9,2441.75,2464.0,1144427
2022-02-03 00:00:00+05:30,2480.5,2506.55,2417.0,2474.95,3883564
2022-02-04 00:00:00+05:30,2510.0,2520.0,2430.0,2471.15,2718069
2022-02-07 00:00:00+05:30,2480.0,2498.15,2388.0,2409.2,1119632
2022-02-08 00:00:00+05:30,2418.4,2465.0,2400.9,2443.65,1524580
2022-02-09 00:00:00+05:30,2465.0,2495.0,2456.05,2484.8,826261
2022-02-10 00:00:00+05:30,2499.95,2503.95,2465.55,2491.85,788689
2022-02-11 00:00:00+05:30,2480.0,2480.0,2421.25,2442.25,1030760
2022-02-14 00:00:00+05:30,2380.0,2423.0,2351.25,2398.0,816491
2022-02-15 00:00:00+05:30,2421.95,2499.8,2399.0,2495.9,1293933
2022-02-16 00:00:00+05:30,2510.0,2519.9,2460.25,2488.05,1008929
2022-02-17 00:00:00+05:30,2509.5,2537.5,2487.0,2493.2,960885
2022-02-18 00:00:00+05:30,2479.3,2499.5,2460.8,2488.95,654373
2022-02-21 00:00:00+05:30,2488.0,2488.0,2411.05,2454.35,788568
2022-02-22 00:00:00+05:30,2377.0,2457.0,2377.0,2450.1,874150
2022-02-23 00:00:00+05:30,2452.0,2525.0,2452.0,2495.7,2096198
2022-02-24 00:00:00+05:30,2402.0,2466.0,2395.0,2406.6,1875086
2022-02-25 00:00:00+05:30,2423.5,2474.0,2423.5,2468.45,1284338
2022-02-28 00:00:00+05:30,2430.0,2563.65,2430.0,2546.55,2355891
2022-03-02 00:00:00+05:30,2550.0,2604.8,2524.35,2592.65,3536974
2022-03-03 00:00:00+05:30,2620.0,2639.8,2560.0,2574.25,2153478
2022-03-04 00:00:00+05:30,2565.0,2565.0,2430.0,2441.0,2652474
2022-03-07 00:00:00+05:30,2414.8,2419.95,2330.0,2389.7,1545686
2022-03-08 00:00:00+05:30,2400.0,2419.5,2325.6,2371.25,1467595
2022-03-09 00:00:00+05:30,2393.0,2460.5,2375.0,2433.65,1581979
2022-03-10 00:00:00+05:30,2498.0,2504.75,2444.85,2467.8,1051744
2022-03-11 00:00:00+05:30,2478.0,2498.2,2448.85,2493.6,812330
2022-03-14 00:00:00+05:30,2490.0,2545.0,2475.0,2539.0,1004492
2022-03-15 00:00:00+05:30,2559.0,2579.0,2543.2,2556.95,1571483
2022-03-16 00:00:00+05:30,2577.8,2593.5,2566.0,2587.3,757197
2022-03-17 00:00:00+05:30,2600.1,2721.65,2600.1,2703.0,3336088
2022-03-21 00:00:00+05:30,2740.0,2768.0,2700.0,2707.25,1889261
2022-03-22 00:00:00+05:30,2716.25,2718.8,2646.45,2712.75,1279904
2022-03-23 00:00:00+05:30,2730.0,2742.95,2677.85,2690.0,1281815
2022-03-24 00:00:00+05:30,2694.0,2694.0,2612.55,2618.5,1835380
2022-03-25 00:00:00+05:30,2631.0,2634.0,2518.0,2523.9,2863040
2022-03-28 00:00:00+05:30,2536.5,2545.55,2483.0,2535.9,1316800
2022-03-29 00:00:00+05:30,2550.0,2559.0,2525.3,2538.8,908172
2022-03-30 00:00:00+05:30,2556.3,2565.75,2510.0,2523.15,866666
2022-03-31 00:00:00+05:30,2525.25,2545.4,2519.95,2536.15,910316
2022-04-01 00:00:00+05:30,2538.0,2550.0,2491.85,2520.85,1208002
2022-04-04 00:00:00+05:30,2540.35,2562.0,2508.75,2517.0,1424995
2022-04-05 00:00:00+05:30,2532.0,2577.8,2520.05,2549.2,1586304
2022-04-06 00:00:00+05:30,2547.0,2564.9,2523.3,2540.05,1349078
2022-04-07 00:00:00+05:30,2502.3,2544.45,2452.0,2458.35,2785215
2022-04-08 00:00:00+05:30,2468.35,2532.65,2465.0,2509.95,1217812
2022-04-11 00:00:00+05:30,2503.0,2509.95,2477.4,2489.85,660112
2022-04-12 00:00:00+05:30,2480.0,2508.5,2440.25,2488.2,1182427
2022-04-13 00:00:00+05:30,2492.2,2495.95,2441.1,2461.35,1165453
2022-04-18 00:00:00+05:30,2435.0,2500.0,2410.0,2493.45,1109814
2022-04-19 00:00:00+05:30,2509.4,2520.6,2441.0,2452.6,929834
2022-04-20 00:00:00+05:30,2453.05,2505.0,2442.7,2482.7,639190
2022-04-21 00:00:00+05:30,2482.7,2524.95,2466.0,2521.0,880723
2022-04-22 00:00:00+05:30,2515.0,2526.45,2476.5,2512.7,878780
2022-04-25 00:00:00+05:30,2471.0,2489.0,2447.05,2453.9,682383
2022-04-26 00:00:00+05:30,2460.0,2552.15,2459.0,2548.2,1232557
2022-04-27 00:00:00+05:30,2528.65,2537.8,2488.25,2492.35,801135
2022-04-28 00:00:00+05:30,2529.9,2531.0,2477.0,2513.2,933881
2022-04-29 00:00:00+05:30,2521.0,2532.0,2450.0,2458.2,1496781
2022-05-02 00:00:00+05:30,2435.0,2437.0,2372.35,2386.55,1287401
2022-05-04 00:00:00+05:30,2356.0,2407.0,2275.0,2289.95,2357806
2022-05-05 00:00:00+05:30,2309.0,2309.0,2252.15,2262.0,2118580
2022-05-06 00:00:00+05:30,2240.0,2240.0,2195.45,2208.75,1465638
2022-05-09 00:00:00+05:30,2195.0,2213.35,2171.0,2183.2,968069
2022-05-10 00:00:00+05:30,2180.0,2186.0,2125.0,2137.35,1092429
2022-05-11 00:00:00+05:30,2127.2,2138.0,2095.75,2114.7,1472911
2022-05-12 00:00:00+05:30,2102.0,2103.9,2035.55,2048.55,1362031
2022-05-13 00:00:00+05:30,2056.15,2154.0,2056.15,2091.7,2580348
2022-05-16 00:00:00+05:30,2118.0,2152.0,2096.7,2109.6,1370151
2022-05-17 00:00:00+05:30,2145.0,2185.0,2111.0,2176.35,1256142
2022-05-18 00:00:00+05:30,2187.0,2194.3,2161.0,2166.75,1188772
2022-05-19 00:00:00+05:30,2125.0,2156.1,2055.1,2111.95,981115
2022-05-20 00:00:00+05:30,2139.9,2155.55,2129.2,2137.05,1017542
2022-05-23 00:00:00+05:30,2160.0,2200.0,2138.0,2151.3,1346294
2022-05-24 00:00:00+05:30,2151.65,2165.0,2121.35,2140.25,1150314
2022-05-25 00:00:00+05:30,2160.0,2181.0,2106.0,2113.4,1125068
2022-05-26 00:00:00+05:30,2132.0,2150.85,2075.5,2141.95,1382368
2022-05-27 00:00:00+05:30,2155.0,2159.95,2123.4,2149.2,865917
2022-05-30 00:00:00+05:30,2164.0,2260.0,2164.0,2255.9,1691435
2022-05-31 00:00:00+05:30,2254.9,2300.0,2176.6,2216.0,7005071
2022-06-01 00:00:00+05:30,2255.0,2304.9,2180.0,2197.6,2126105
2022-06-02 00:00:00+05:30,2176.6,2225.35,2176.6,2220.95,966727
2022-06-03 00:00:00+05:30,2231.65,2244.95,2197.75,2204.4,1228695
2022-06-06 00:00:00+05:30,2204.4,2208.95,2165.95,2198.55,1285097
2022-06-07 00:00:00+05:30,2173.55,2179.45,2088.0,2100.8,3255286
2022-06-08 00:00:00+05:30,2106.05,2133.0,2096.55,2128.85,1775344
2022-06-09 00:00:00+05:30,2106.0,2154.0,2103.0,2139.7,1035771
2022-06-10 00:00:00+05:30,2108.0,2166.0,2108.0,2142.25,927889
2022-06-13 00:00:00+05:30,2108.0,2124.45,2076.2,2102.4,928411
2022-06-14 00:00:00+05:30,2100.0,2116.9,2072.65,2102.0,893733
2022-06-15 00:00:00+05:30,2104.0,2127.5,2090.0,2105.05,783714
2022-06-16 00:00:00+05:30,2126.4,2145.0,2042.05,2060.95,1265289
2022-06-17 00:00:00+05:30,2041.0,2051.65,1910.55,1936.45,6066708
2022-06-20 00:00:00+05:30,1938.0,1973.45,1905.45,1961.7,1967950
2022-06-21 00:00:00+05:30,1979.9,2093.75,1966.5,2078.1,3289922
2022-06-22 00:00:00+05:30,2070.0,2070.95,2007.0,2031.2,1507811
2022-06-23 00:00:00+05:30,2040.0,2047.8,1997.15,2041.4,1632845
2022-06-24 00:00:00+05:30,2053.55,2076.4,2033.95,2045.6,854618
2022-06-27 00:00:00+05:30,2082.0,2083.65,2025.0,2040.3,1067849
2022-06-28 00:00:00+05:30,2020.0,2022.0,1960.0,1968.05,3397585
2022-06-29 00:00:00+05:30,1950.0,1954.3,1923.0,1936.15,2375427
2022-06-30 00:00:00+05:30,1950.0,1965.75,1926.0,1941.25,2489709
2022-07-01 00:00:00+05:30,1895.0,1954.35,1825.05,1946.2,4064801
2022-07-04 00:00:00+05:30,1954.0,1966.6,1928.0,1962.5,1023678
2022-07-05 00:00:00+05:30,1967.0,1989.1,1940.55,1954.25,1555345
2022-07-06 00:00:00+05:30,1958.0,2025.5,1941.35,2013.55,1952701
2022-07-07 00:00:00+05:30,2130.0,2171.6,2102.55,2127.5,5915740
2022-07-08 00:00:00+05:30,2140.0,2154.0,2110.5,2144.35,2039331
2022-07-11 00:00:00+05:30,2153.0,2173.85,2126.6,2163.6,1219508
2022-07-12 00:00:00+05:30,2132.0,2142.0,2114.45,2130.0,1096542
2022-07-13 00:00:00+05:30,2130.0,2141.8,2107.45,2111.4,1169721
2022-07-14 00:00:00+05:30,2132.0,2140.0,2113.0,2127.45,767221
2022-07-15 00:00:00+05:30,2135.0,2193.15,2132.2,2189.7,1742573
2022-07-18 00:00:00+05:30,2196.0,2247.3,2194.05,2237.45,2016386
2022-07-19 00:00:00+05:30,2232.5,2253.0,2216.7,2241.2,867223
2022-07-20 00:00:00+05:30,2280.0,2298.0,2261.1,2271.2,1620332
2022-07-21 00:00:00+05:30,2285.0,2298.0,2264.0,2288.6,1117118
2022-07-22 00:00:00+05:30,2299.0,2329.95,2283.1,2325.0,1185176
2022-07-25 00:00:00+05:30,2339.3,2348.8,2313.0,2328.85,1248393
2022-07-26 00:00:00+05:30,2334.95,2334.95,2286.55,2293.2,1142159
2022-07-27 00:00:00+05:30,2285.1,2311.0,2266.55,2303.55,1456382
2022-07-28 00:00:00+05:30,2321.0,2341.5,2305.05,2334.65,1126799
2022-07-29 00:00:00+05:30,2355.0,2392.5,2339.05,2352.05,1239445
2022-08-01 00:00:00+05:30,2364.8,2381.05,2339.0,2376.25,581266
2022-08-02 00:00:00+05:30,2370.0,2397.8,2357.05,2384.95,777687
2022-08-03 00:00:00+05:30,2395.0,2425.9,2355.0,2416.4,1207016
2022-08-04 00:00:00+05:30,2429.95,2430.45,2370.95,2423.65,1015590
2022-08-05 00:00:00+05:30,2425.2,2472.4,2417.35,2432.8,2443597
2022-08-08 00:00:00+05:30,2460.0,2474.7,2433.15,2446.95,1576547
2022-08-10 00:00:00+05:30,2469.9,2469.9,2417.1,2433.6,1065998
2022-08-11 00:00:00+05:30,2446.2,2486.0,2446.2,2472.35,1127878
2022-08-12 00:00:00+05:30,2472.0,2493.0,2461.9,2471.95,761420
2022-08-16 00:00:00+05:30,2461.1,2499.5,2435.0,2493.85,1035928
2022-08-17 00:00:00+05:30,2495.0,2523.15,2480.65,2492.2,863500
2022-08-18 00:00:00+05:30,2492.2,2503.9,2467.3,2478.7,827663
2022-08-19 00:00:00+05:30,2498.95,2498.95,2430.9,2440.6,751505
2022-08-22 00:00:00+05:30,2440.0,2458.0,2408.0,2417.6,947292
2022-08-23 00:00:00+05:30,2407.0,2501.95,2400.0,2480.2,1417877
2022-08-24 00:00:00+05:30,2495.0,2495.0,2441.05,2460.7,672569
2022-08-25 00:00:00+05:30,2473.0,2501.6,2456.7,2466.45,732577
2022-08-26 00:00:00+05:30,2483.05,2556.0,2481.55,2532.9,2398253
2022-08-29 00:00:00+05:30,2457.25,2540.9,2457.25,2531.7,1149676
2022-08-30 00:00:00+05:30,2545.0,2623.1,2543.0,2604.65,1794736
2022-09-01 00:00:00+05:30,2592.95,2647.15,2565.65,2622.0,1438313
2022-09-02 00:00:00+05:30,2631.0,2645.0,2607.05,2612.6,800453
2022-09-05 00:00:00+05:30,2625.0,2640.0,2610.85,2627.35,733481
2022-09-06 00:00:00+05:30,2631.7,2646.9,2611.0,2631.65,680071
2022-09-07 00:00:00+05:30,2607.0,2641.4,2600.4,2637.75,438635
2022-09-08 00:00:00+05:30,2649.0,2659.9,2616.0,2626.7,754150
2022-09-09 00:00:00+05:30,2652.0,2652.15,2593.0,2603.45,777186
2022-09-12 00:00:00+05:30,2616.8,2669.7,2610.0,2661.15,808360
2022-09-13 00:00:00+05:30,2680.0,2723.0,2672.0,2705.55,1536444
2022-09-14 00:00:00+05:30,2645.0,2712.0,2645.0,2700.6,915281
2022-09-15 00:00:00+05:30,2714.15,2717.0,2648.0,2656.15,753648
2022-09-16 00:00:00+05:30,2648.0,2677.65,2604.25,2611.8,1425731
2022-09-19 00:00:00+05:30,2611.75,2632.0,2552.55,2619.8,808421
2022-09-20 00:00:00+05:30,2642.2,2693.55,2635.1,2684.0,844553
2022-09-21 00:00:00+05:30,2688.0,2700.0,2656.65,2666.65,1052572
2022-09-22 00:00:00+05:30,2660.0,2744.95,2650.0,2737.6,1352472
2022-09-23 00:00:00+05:30,2737.6,2755.7,2667.0,2672.45,1226889
2022-09-26 00:00:00+05:30,2666.0,2677.95,2563.55,2655.5,1371409
2022-09-27 00:00:00+05:30,2669.95,2679.55,2585.55,2600.35,1246270
2022-09-28 00:00:00+05:30,2587.5,2634.5,2564.5,2576.95,1419969
2022-09-29 00:00:00+05:30,2594.85,2606.05,2517.35,2531.5,1177076
2022-09-30 00:00:00+05:30,2538.0,2637.4,2522.6,2606.95,1453944
2022-10-03 00:00:00+05:30,2625.0,2625.0,2555.6,2574.2,1049142
2022-10-04 00:00:00+05:30,2629.0,2629.0,2571.65,2585.1,1291070
2022-10-06 00:00:00+05:30,2598.05,2620.0,2581.6,2592.85,1409852
2022-10-07 00:00:00+05:30,2690.0,2745.0,2675.0,2730.5,5284814
2022-10-10 00:00:00+05:30,2710.0,2727.9,2658.0,2680.1,1290447
2022-10-11 00:00:00+05:30,2693.0,2694.0,2616.4,2624.5,1067626
2022-10-12 00:00:00+05:30,2630.0,2644.9,2606.0,2621.35,1131702
2022-10-13 00:00:00+05:30,2610.0,2628.0,2591.0,2598.65,1038687
2022-10-14 00:00:00+05:30,2640.0,2663.6,2607.75,2617.8,1326916
2022-10-17 00:00:00+05:30,2613.9,2634.9,2602.55,2625.0,1111199
2022-10-18 00:00:00+05:30,2638.15,2664.7,2623.15,2641.1,771852
2022-10-19 00:00:00+05:30,2654.35,2677.0,2640.0,2644.55,1001916
2022-10-20 00:00:00+05:30,2640.0,2644.0,2581.35,2631.5,1022636
2022-10-21 00:00:00+05:30,2650.0,2679.65,2640.05,2665.65,986521
2022-10-24 00:00:00+05:30,2697.0,2699.9,2679.15,2683.9,184595
2022-10-25 00:00:00+05:30,2697.35,2697.35,2662.0,2670.3,505759
2022-10-27 00:00:00+05:30,2700.0,2765.0,2680.0,2703.8,2117791
2022-10-28 00:00:00+05:30,2708.95,2738.9,2693.25,2736.4,1003160
2022-10-31 00:00:00+05:30,2750.0,2791.0,2738.25,2761.5,1144647
2022-11-01 00:00:00+05:30,2770.15,2784.0,2741.0,2754.95,890107
2022-11-02 00:00:00+05:30,2745.0,2747.35,2703.0,2728.45,1704942
2022-11-03 00:00:00+05:30,2705.0,2779.0,2705.0,2763.65,1227960
2022-11-04 00:00:00+05:30,2774.9,2781.45,2746.6,2769.7,1172058
2022-11-07 00:00:00+05:30,2772.0,2772.0,2706.3,2741.55,1825529
2022-11-09 00:00:00+05:30,2769.0,2769.0,2710.0,2718.1,1184702
2022-11-10 00:00:00+05:30,2710.0,2711.1,2628.0,2641.0,1198585
2022-11-11 00:00:00+05:30,2671.0,2694.4,2641.55,2651.8,833729
2022-11-14 00:00:00+05:30,2658.0,2665.0,2623.2,2629.8,565428
2022-11-15 00:00:00+05:30,2642.95,2669.15,2621.05,2656.65,1033296
2022-11-16 00:00:00+05:30,2659.0,2678.2,2630.0,2644.3,835064
2022-11-17 00:00:00+05:30,2638.0,2645.0,2576.0,2582.0,1265647
2022-11-18 00:00:00+05:30,2580.0,2583.4,2545.0,2565.8,1038751
2022-11-21 00:00:00+05:30,2552.0,2578.95,2539.65,2573.35,629040
2022-11-22 00:00:00+05:30,2580.0,2609.0,2561.0,2606.2,912070
2022-11-23 00:00:00+05:30,2614.95,2632.5,2590.8,2601.75,992873
2022-11-24 00:00:00+05:30,2611.0,2618.3,2592.5,2610.2,752066
2022-11-25 00:00:00+05:30,2620.0,2620.0,2586.0,2595.4,633047
2022-11-28 00:00:00+05:30,2584.4,2608.5,2579.0,2592.25,665149
2022-11-29 00:00:00+05:30,2597.15,2640.0,2595.05,2613.75,866621
2022-11-30 00:00:00+05:30,2613.75,2665.0,2604.2,2653.0,1569918
2022-12-01 00:00:00+05:30,2662.0,2665.0,2630.0,2638.7,539844
2022-12-02 00:00:00+05:30,2648.0,2651.4,2605.0,2617.9,731396
2022-12-05 00:00:00+05:30,2629.0,2629.95,2589.25,2615.65,747114
2022-12-06 00:00:00+05:30,2619.8,2624.0,2591.3,2617.0,706596
2022-12-07 00:00:00+05:30,2616.3,2623.75,2586.7,2596.85,712914
2022-12-08 00:00:00+05:30,2596.85,2613.9,2578.75,2583.5,648288
2022-12-09 00:00:00+05:30,2597.0,2629.9,2567.95,2615.45,935047
2022-12-12 00:00:00+05:30,2613.5,2613.5,2571.0,2584.65,726330
2022-12-13 00:00:00+05:30,2597.4,2600.0,2565.0,2575.9,832740
2022-12-14 00:00:00+05:30,2574.85,2596.0,2571.15,2591.1,767737
2022-12-15 00:00:00+05:30,2585.0,2588.65,2514.55,2522.7,1225728
2022-12-16 00:00:00+05:30,2500.0,2520.0,2480.0,2482.85,1177053
2022-12-19 00:00:00+05:30,2483.2,2525.25,2468.7,2521.8,572224
2022-12-20 00:00:00+05:30,2516.8,2517.6,2482.1,2508.15,597902
2022-12-21 00:00:00+05:30,2515.0,2528.0,2481.0,2489.6,519326
2022-12-22 00:00:00+05:30,2491.8,2509.2,2465.0,2483.0,557608
2022-12-23 00:00:00+05:30,2467.65,2505.0,2455.0,2483.05,1310439
2022-12-26 00:00:00+05:30,2487.75,2512.4,2470.25,2481.1,1076808
2022-12-27 00:00:00+05:30,2498.0,2519.9,2485.6,2503.55,791283
2022-12-28 00:00:00+05:30,2502.8,2596.0,2497.5,2580.15,2443430
2022-12-29 00:00:00+05:30,2555.0,2588.85,2542.2,2553.25,1583143
2022-12-30 00:00:00+05:30,2564.0,2610.0,2553.05,2597.5,1057182
2023-01-02 00:00:00+05:30,2607.0,2616.0,2556.8,2565.75,697408
2023-01-03 00:00:00+05:30,2568.0,2619.0,2555.05,2613.6,852511
2023-01-04 00:00:00+05:30,2618.8,2626.25,2585.6,2597.55,832054
2023-01-05 00:00:00+05:30,2591.0,2620.0,2543.65,2562.1,1544601
2023-01-06 00:00:00+05:30,2560.0,2584.4,2517.0,2538.1,879019
2023-01-09 00:00:00+05:30,2529.95,2529.95,2467.8,2484.65,2324487
2023-01-10 00:00:00+05:30,2495.0,2498.7,2456.0,2468.2,948787
2023-01-11 00:00:00+05:30,2473.0,2488.6,2431.0,2437.4,1000412
2023-01-12 00:00:00+05:30,2450.0,2475.0,2432.0,2446.6,874520
2023-01-13 00:00:00+05:30,2456.9,2456.9,2400.0,2417.2,1416869
2023-01-16 00:00:00+05:30,2428.0,2434.8,2392.0,2405.85,737012
2023-01-17 00:00:00+05:30,2405.0,2417.9,2386.0,2407.95,926137
2023-01-18 00:00:00+05:30,2418.0,2429.85,2412.8,2424.1,601233
2023-01-19 00:00:00+05:30,2392.5,2411.8,2367.2,2385.05,1116874
2023-01-20 00:00:00+05:30,2389.95,2396.95,2353.0,2371.3,1229902
2023-01-23 00:00:00+05:30,2383.95,2384.3,2355.6,2364.7,932554
2023-01-24 00:00:00+05:30,2372.5,2390.6,2364.0,2370.75,714000
2023-01-25 00:00:00+05:30,2370.0,2370.0,2333.55,2356.6,650664
2023-01-27 00:00:00+05:30,2368.4,2368.4,2302.6,2331.25,1238620
2023-01-30 00:00:00+05:30,2332.0,2342.85,2287.05,2335.55,1401847
2023-01-31 00:00:00+05:30,2347.0,2386.45,2335.65,2377.15,1252600
2023-02-01 00:00:00+05:30,2408.55,2409.8,2300.05,2345.9,1521514
2023-02-02 00:00:00+05:30,2341.05,2385.0,2269.6,2308.1,1788381
2023-02-03 00:00:00+05:30,2320.1,2470.0,2320.1,2463.1,3693638
2023-02-06 00:00:00+05:30,2474.85,2479.95,2447.6,2458.0,1049075
2023-02-07 00:00:00+05:30,2456.3,2459.75,2432.1,2446.9,563195
2023-02-08 00:00:00+05:30,2447.0,2480.0,2447.0,2466.75,539085
2023-02-09 00:00:00+05:30,2467.0,2475.65,2451.6,2462.55,464715
2023-02-10 00:00:00+05:30,2452.0,2472.0,2442.05,2468.5,597337
2023-02-13 00:00:00+05:30,2480.0,2523.95,2476.15,2519.05,1856317
2023-02-14 00:00:00+05:30,2528.95,2528.95,2480.0,2506.9,843477
2023-02-15 00:00:00+05:30,2503.45,2528.25,2483.3,2524.3,707224
2023-02-16 00:00:00+05:30,2530.0,2545.65,2518.1,2522.4,704946
2023-02-17 00:00:00+05:30,2515.0,2545.85,2496.0,2500.3,607239
2023-02-20 00:00:00+05:30,2500.0,2507.25,2466.3,2474.15,460090
2023-02-21 00:00:00+05:30,2485.95,2485.95,2450.5,2463.6,750272
2023-02-22 00:00:00+05:30,2451.95,2462.8,2414.4,2431.55,1098118
2023-02-23 00:00:00+05:30,2432.5,2432.5,2380.0,2394.5,1602078
2023-02-24 00:00:00+05:30,2400.0,2413.75,2377.95,2399.1,1145691
2023-02-27 00:00:00+05:30,2399.1,2412.0,2373.6,2401.0,862629
2023-02-28 00:00:00+05:30,2401.1,2425.0,2363.6,2372.8,1430349
2023-03-01 00:00:00+05:30,2370.0,2396.05,2366.35,2382.4,479935
2023-03-02 00:00:00+05:30,2382.35,2394.3,2351.75,2358.95,529609
2023-03-03 00:00:00+05:30,2370.0,2402.0,2358.3,2396.1,710845
2023-03-06 00:00:00+05:30,2412.55,2426.4,2392.6,2403.45,682556
2023-03-08 00:00:00+05:30,2396.4,2401.2,2372.25,2397.1,858496
2023-03-09 00:00:00+05:30,2400.8,2407.95,2365.0,2368.25,601071
2023-03-10 00:00:00+05:30,2354.85,2379.95,2338.0,2375.5,543004
2023-03-13 00:00:00+05:30,2372.75,2376.95,2321.0,2332.0,631722
2023-03-14 00:00:00+05:30,2336.95,2391.85,2328.85,2355.6,1470817
2023-03-15 00:00:00+05:30,2380.0,2413.85,2379.95,2399.1,1656307
2023-03-16 00:00:00+05:30,2413.5,2482.0,2413.0,2450.35,2317115
2023-03-17 00:00:00+05:30,2467.15,2474.0,2447.4,2455.65,1625905
2023-03-20 00:00:00+05:30,2462.0,2474.95,2441.55,2459.95,918922
2023-03-21 00:00:00+05:30,2475.0,2521.55,2468.05,2514.05,1652107
2023-03-22 00:00:00+05:30,2517.95,2524.0,2495.0,2508.15,754732
2023-03-23 00:00:00+05:30,2510.0,2528.0,2494.05,2519.05,610778
2023-03-24 00:00:00+05:30,2516.8,2519.7,2474.95,2493.35,838919
2023-03-27 00:00:00+05:30,2480.0,2510.0,2466.8,2494.4,728727
2023-03-28 00:00:00+05:30,2502.9,2507.15,2493.9,2500.3,599191
2023-03-29 00:00:00+05:30,2500.3,2525.0,2494.0,2515.05,710603
2023-03-31 00:00:00+05:30,2526.95,2536.75,2500.0,2514.9,848456
2023-04-03 00:00:00+05:30,2525.9,2544.65,2513.3,2537.4,701713
2023-04-05 00:00:00+05:30,2560.0,2581.5,2550.1,2572.7,1438377
2023-04-06 00:00:00+05:30,2583.0,2584.0,2545.0,2548.45,1192271
2023-04-10 00:00:00+05:30,2568.0,2602.0,2561.05,2583.7,1497452
2023-04-11 00:00:00+05:30,2583.7,2603.5,2576.0,2580.05,820568
2023-04-12 00:00:00+05:30,2580.05,2593.45,2564.15,2587.9,553807
2023-04-13 00:00:00+05:30,2588.0,2599.95,2577.3,2585.65,481459
2023-04-17 00:00:00+05:30,2600.0,2612.25,2582.3,2605.6,1044487
2023-04-18 00:00:00+05:30,2603.05,2607.65,2560.1,2577.7,674756
2023-04-19 00:00:00+05:30,2580.05,2595.95,2562.0,2569.3,687292
2023-04-20 00:00:00+05:30,2577.65,2619.0,2570.5,2579.25,995472
2023-04-21 00:00:00+05:30,2593.6,2594.55,2559.25,2568.3,409932
2023-04-24 00:00:00+05:30,2571.1,2636.4,2570.0,2629.55,1026391
2023-04-25 00:00:00+05:30,2634.85,2637.0,2614.95,2633.2,630987
2023-04-26 00:00:00+05:30,2633.0,2647.65,2625.65,2641.0,631279
2023-04-27 00:00:00+05:30,2641.0,2674.0,2631.5,2663.45,620037
2023-04-28 00:00:00+05:30,2672.45,2679.3,2619.5,2641.85,1567472
2023-05-02 00:00:00+05:30,2657.0,2674.0,2633.4,2663.85,726439
2023-05-03 00:00:00+05:30,2675.0,2679.5,2643.1,2654.05,808211
2023-05-04 00:00:00+05:30,2679.7,2694.25,2656.55,2670.4,1936641
2023-05-05 00:00:00+05:30,2670.6,2766.0,2666.3,2732.9,2190777
2023-05-08 00:00:00+05:30,2732.95,2770.0,2732.9,2751.25,848638
2023-05-09 00:00:00+05:30,2753.3,2790.0,2738.45,2748.4,893686
2023-05-10 00:00:00+05:30,2760.0,2767.7,2736.2,2745.45,522149
2023-05-11 00:00:00+05:30,2758.0,2765.0,2744.05,2757.85,621067
2023-05-12 00:00:00+05:30,2760.8,2784.5,2756.85,2773.2,705516
2023-05-15 00:00:00+05:30,2774.0,2802.1,2764.25,2779.55,772914
2023-05-16 00:00:00+05:30,2785.0,2800.8,2774.55,2790.25,548885
2023-05-17 00:00:00+05:30,2785.0,2790.0,2750.05,2762.4,539547
2023-05-18 00:00:00+05:30,2782.0,2782.0,2716.1,2721.85,612441
2023-05-19 00:00:00+05:30,2719.95,2719.95,2683.05,2701.65,846419
2023-05-22 00:00:00+05:30,2701.6,2734.0,2701.1,2712.55,559506
2023-05-23 00:00:00+05:30,2719.95,2726.4,2677.3,2683.45,713749
2023-05-24 00:00:00+05:30,2675.0,2722.0,2670.0,2707.25,814553
2023-05-25 00:00:00+05:30,2714.45,2720.0,2682.0,2707.95,651488
2023-05-26 00:00:00+05:30,2707.95,2759.7,2699.15,2742.15,811400
2023-05-29 00:00:00+05:30,2745.0,2821.8,2745.0,2812.25,1107678
2023-05-30 00:00:00+05:30,2829.5,2841.9,2797.7,2802.5,1263691
2023-05-31 00:00:00+05:30,2802.5,2832.1,2790.1,2823.25,1394580
2023-06-01 00:00:00+05:30,2823.25,2837.65,2814.7,2827.25,538550
2023-06-02 00:00:00+05:30,2830.0,2871.0,2826.45,2861.65,1116501
2023-06-05 00:00:00+05:30,2875.0,2875.0,2840.0,2855.7,724102
2023-06-06 00:00:00+05:30,2860.95,2893.0,2858.3,2881.45,1148132
2023-06-07 00:00:00+05:30,2895.0,2910.0,2870.0,2906.95,862821
2023-06-08 00:00:00+05:30,2906.9,2921.85,2871.05,2877.0,560514
2023-06-09 00:00:00+05:30,2890.0,2919.95,2863.25,2876.25,727880
2023-06-12 00:00:00+05:30,2884.95,2885.45,2833.25,2852.6,1112274
2023-06-13 00:00:00+05:30,2859.9,2918.0,2855.1,2912.5,776313
2023-06-14 00:00:00+05:30,2920.0,2928.2,2897.0,2907.05,617700
2023-06-15 00:00:00+05:30,2911.05,2924.65,2900.0,2908.0,564711
2023-06-16 00:00:00+05:30,2911.8,2960.0,2911.8,2954.3,1022389
2023-06-19 00:00:00+05:30,2967.0,3024.4,2963.35,2968.6,1382633
2023-06-20 00:00:00+05:30,2972.7,2986.35,2948.3,2974.0,672298
2023-06-21 00:00:00+05:30,2974.0,2985.0,2958.15,2971.1,509602
2023-06-22 00:00:00+05:30,2975.0,2984.75,2955.8,2970.25,496441
2023-06-23 00:00:00+05:30,2972.5,2981.0,2932.0,2939.15,869340
2023-06-26 00:00:00+05:30,2940.0,2981.0,2940.0,2972.6,839713
2023-06-27 00:00:00+05:30,2973.0,2989.2,2940.7,2975.7,913730
2023-06-28 00:00:00+05:30,2995.0,3044.4,2985.05,3028.1,1525117
2023-06-30 00:00:00+05:30,3046.0,3067.95,3029.15,3047.65,946112
2023-07-03 00:00:00+05:30,3050.1,3054.0,3026.3,3038.3,429100
2023-07-04 00:00:00+05:30,3041.5,3090.0,3039.0,3074.65,1291238
2023-07-05 00:00:00+05:30,3075.0,3113.9,3063.0,3099.85,643663
2023-07-06 00:00:00+05:30,3100.0,3111.85,3081.4,3106.4,976956
2023-07-07 00:00:00+05:30,3140.0,3210.0,3126.4,3144.0,3630808
2023-07-10 00:00:00+05:30,3155.0,3155.0,3030.25,3045.55,1777220
2023-07-11 00:00:00+05:30,3062.85,3098.0,3044.8,3087.6,1141925
2023-07-12 00:00:00+05:30,3114.0,3124.0,3087.65,3096.5,1300168
2023-07-13 00:00:00+05:30,3113.95,3114.6,3079.3,3084.75,932018
2023-07-14 00:00:00+05:30,3093.65,3097.35,3042.6,3055.55,721349
2023-07-17 00:00:00+05:30,3070.0,3072.95,3020.0,3033.45,866575
2023-07-18 00:00:00+05:30,3033.45,3039.95,2963.4,2996.45,1359863
2023-07-19 00:00:00+05:30,3010.1,3017.4,2985.05,2995.65,568891
2023-07-20 00:00:00+05:30,3002.25,3016.6,2966.0,2989.3,1021556
2023-07-21 00:00:00+05:30,2990.75,3005.0,2970.0,2976.3,599594
2023-07-24 00:00:00+05:30,2978.0,2992.9,2951.25,2979.2,523141
2023-07-25 00:00:00+05:30,2980.0,3032.9,2972.75,3029.0,874788
2023-07-26 00:00:00+05:30,3044.9,3044.9,2995.0,3008.35,588487
2023-07-27 00:00:00+05:30,3013.95,3024.1,2983.65,3002.1,595544
2023-07-28 00:00:00+05:30,3008.15,3010.0,2951.7,2987.0,837051
2023-07-31 00:00:00+05:30,2950.0,3017.95,2950.0,3004.05,656048
2023-08-01 00:00:00+05:30,3024.85,3027.5,2987.7,3001.9,602288
2023-08-02 00:00:00+05:30,3005.65,3005.7,2960.0,2977.15,1152335
2023-08-03 00:00:00+05:30,2937.95,2986.95,2883.0,2902.1,3319847
2023-08-04 00:00:00+05:30,2919.95,2935.8,2898.0,2904.4,709334
2023-08-07 00:00:00+05:30,2919.95,2919.95,2882.45,2904.6,580359
2023-08-08 00:00:00+05:30,2918.0,2932.0,2904.6,2921.25,474417
2023-08-09 00:00:00+05:30,2924.0,2962.0,2918.15,2955.9,600081
2023-08-10 00:00:00+05:30,2958.0,2995.5,2917.0,2988.55,970990
2023-08-11 00:00:00+05:30,2988.5,3067.45,2980.0,3017.25,1823274
2023-08-14 00:00:00+05:30,3020.35,3020.35,2988.35,3010.65,542561
2023-08-16 00:00:00+05:30,3005.0,3015.9,2978.05,3011.1,544441
2023-08-17 00:00:00+05:30,3018.0,3079.45,3012.0,3071.75,1699758
2023-08-18 00:00:00+05:30,3070.6,3079.5,3035.0,3050.45,860782
2023-08-21 00:00:00+05:30,3051.0,3082.5,3050.0,3078.3,706621
2023-08-22 00:00:00+05:30,3084.95,3091.0,3040.1,3075.6,714220
2023-08-23 00:00:00+05:30,3075.6,3085.0,3056.3,3070.0,602197
2023-08-24 00:00:00+05:30,3075.7,3099.9,3056.25,3061.2,618626
2023-08-25 00:00:00+05:30,3055.0,3074.75,3037.55,3067.2,648003
2023-08-28 00:00:00+05:30,3074.0,3079.95,3040.7,3048.55,471698
2023-08-29 00:00:00+05:30,3051.95,3090.0,3044.0,3079.4,482639
2023-08-30 00:00:00+05:30,3080.0,3111.0,3067.0,3082.2,582766
2023-08-31 00:00:00+05:30,3090.85,3118.95,3082.2,3104.45,1420498
2023-09-01 00:00:00+05:30,3111.95,3124.9,3100.0,3116.8,423739
2023-09-04 00:00:00+05:30,3116.95,3124.95,3086.3,3100.3,539813
2023-09-05 00:00:00+05:30,3120.0,3157.5,3115.0,3136.15,721199
2023-09-06 00:00:00+05:30,3136.15,3180.55,3120.85,3176.05,1163154
2023-09-07 00:00:00+05:30,3173.0,3182.95,3152.0,3172.8,805295
2023-09-08 00:00:00+05:30,3182.0,3205.0,3172.8,3199.1,700158
2023-09-11 00:00:00+05:30,3209.95,3221.55,3186.6,3213.3,544452
2023-09-12 00:00:00+05:30,3216.05,3221.15,3177.6,3185.8,591509
2023-09-13 00:00:00+05:30,3178.05,3270.0,3178.05,3263.2,1370306
2023-09-14 00:00:00+05:30,3277.55,3302.45,3240.0,3261.35,1264935
2023-09-15 00:00:00+05:30,3261.6,3264.0,3239.0,3248.6,1397407
2023-09-18 00:00:00+05:30,3257.0,3352.0,3246.8,3339.5,1423507
2023-09-20 00:00:00+05:30,3314.0,3349.0,3300.05,3306.65,1201025
2023-09-21 00:00:00+05:30,3300.0,3322.5,3285.8,3304.5,1091384
2023-09-22 00:00:00+05:30,3298.8,3298.8,3261.7,3274.5,1019051
2023-09-25 00:00:00+05:30,3274.5,3314.9,3261.35,3283.95,623515
2023-09-26 00:00:00+05:30,3294.0,3308.0,3255.0,3262.6,1054827
2023-09-27 00:00:00+05:30,3246.8,3266.95,3186.0,3214.55,1464192
2023-09-28 00:00:00+05:30,3217.5,3224.9,3141.75,3157.25,1214383
2023-09-29 00:00:00+05:30,3160.05,3176.45,3143.05,3148.8,697564
2023-10-03 00:00:00+05:30,3148.8,3212.5,3114.4,3196.25,1007308
2023-10-04 00:00:00+05:30,3186.0,3205.0,3151.0,3166.65,486969
2023-10-05 00:00:00+05:30,3173.9,3231.0,3165.0,3216.5,1109881
2023-10-06 00:00:00+05:30,3230.0,3319.8,3221.1,3309.75,1102120
2023-10-09 00:00:00+05:30,3294.7,3296.0,3249.05,3267.5,822467
2023-10-10 00:00:00+05:30,3295.0,3299.2,3259.3,3269.2,633934
2023-10-11 00:00:00+05:30,3289.7,3296.0,3264.0,3280.5,546575
2023-10-12 00:00:00+05:30,3292.0,3295.05,3262.6,3285.0,429096
2023-10-13 00:00:00+05:30,3285.0,3307.0,3266.55,3283.75,920545
2023-10-16 00:00:00+05:30,3284.0,3329.0,3275.0,3301.4,778014
2023-10-17 00:00:00+05:30,3317.95,3328.45,3304.1,3308.45,584625
2023-10-18 00:00:00+05:30,3309.2,3324.15,3277.5,3282.75,324535
2023-10-19 00:00:00+05:30,3270.0,3300.95,3239.0,3284.65,698767
2023-10-20 00:00:00+05:30,3272.65,3291.5,3244.0,3266.2,657550
2023-10-23 00:00:00+05:30,3246.2,3274.95,3209.7,3219.75,566920
2023-10-25 00:00:00+05:30,3216.0,3236.3,3179.0,3187.85,762466
2023-10-26 00:00:00+05:30,3160.35,3189.9,3092.05,3100.8,1124281
2023-10-27 00:00:00+05:30,3095.1,3138.75,3087.25,3120.7,1050608
2023-10-30 00:00:00+05:30,3105.0,3121.95,3075.0,3116.45,802316
2023-10-31 00:00:00+05:30,3119.6,3205.8,3087.85,3189.65,1235478
2023-11-01 00:00:00+05:30,3193.85,3212.9,3168.35,3173.4,756820
2023-11-02 00:00:00+05:30,3200.0,3228.5,3180.0,3201.5,774180
2023-11-03 00:00:00+05:30,3205.15,3288.0,3205.05,3274.5,1355614
2023-11-06 00:00:00+05:30,3310.0,3310.0,3245.3,3267.05,1137606
2023-11-07 00:00:00+05:30,3274.0,3286.45,3250.2,3270.2,433992
2023-11-08 00:00:00+05:30,3289.0,3323.8,3272.2,3311.85,632305
2023-11-09 00:00:00+05:30,3320.95,3320.95,3274.65,3283.75,1317398
2023-11-10 00:00:00+05:30,3263.05,3274.95,3223.0,3256.35,1170763
2023-11-12 00:00:00+05:30,3300.0,3320.0,3265.0,3280.6,204514
2023-11-13 00:00:00+05:30,3275.0,3278.35,3250.6,3264.75,275538
2023-11-15 00:00:00+05:30,3275.25,3300.9,3260.75,3295.95,747863
2023-11-16 00:00:00+05:30,3295.4,3358.0,3259.25,3335.95,1055389
2023-11-17 00:00:00+05:30,3339.0,3366.0,3326.7,3338.85,633405
2023-11-20 00:00:00+05:30,3338.0,3353.95,3312.25,3345.85,497379
2023-11-21 00:00:00+05:30,3365.0,3401.75,3355.1,3394.45,1038863
2023-11-22 00:00:00+05:30,3400.0,3435.0,3396.05,3429.85,980779
2023-11-23 00:00:00+05:30,3433.9,3441.95,3396.3,3408.4,517362
2023-11-24 00:00:00+05:30,3406.0,3419.1,3382.55,3396.95,589530
2023-11-28 00:00:00+05:30,3417.95,3445.95,3397.35,3442.4,733524
2023-11-29 00:00:00+05:30,3473.85,3473.85,3424.0,3429.3,819200
2023-11-30 00:00:00+05:30,3431.1,3500.0,3422.25,3490.6,1480088
2023-12-01 00:00:00+05:30,3499.0,3500.0,3470.0,3489.5,655263
2023-12-04 00:00:00+05:30,3550.0,3550.0,3478.05,3488.4,808838
2023-12-05 00:00:00+05:30,3488.4,3550.0,3479.0,3545.3,713651
2023-12-06 00:00:00+05:30,3550.0,3573.95,3522.1,3546.9,474140
2023-12-07 00:00:00+05:30,3546.9,3595.0,3519.05,3585.4,820214
2023-12-08 00:00:00+05:30,3575.0,3646.95,3575.0,3634.65,1562141
2023-12-11 00:00:00+05:30,3634.55,3644.6,3598.3,3630.5,620604
2023-12-12 00:00:00+05:30,3637.0,3644.5,3563.25,3571.4,1075941
2023-12-13 00:00:00+05:30,3585.0,3609.75,3552.75,3602.35,717618
2023-12-14 00:00:00+05:30,3647.0,3647.0,3584.35,3591.4,992762
2023-12-15 00:00:00+05:30,3615.0,3615.0,3584.8,3600.55,906271
2023-12-18 00:00:00+05:30,3600.7,3667.2,3593.9,3619.6,699850
2023-12-19 00:00:00+05:30,3610.65,3627.95,3600.1,3610.45,577926
2023-12-20 00:00:00+05:30,3610.45,3651.5,3541.0,3554.1,849001
2023-12-21 00:00:00+05:30,3524.1,3598.95,3518.8,3580.0,816722
2023-12-22 00:00:00+05:30,3580.0,3638.45,3560.55,3627.35,777099
2023-12-26 00:00:00+05:30,3635.0,3665.0,3623.45,3656.7,526101
2023-12-27 00:00:00+05:30,3668.0,3695.0,3645.0,3689.25,666625
2023-12-28 00:00:00+05:30,3699.9,3737.0,3680.7,3715.1,1033648
2023-12-29 00:00:00+05:30,3715.1,3715.1,3660.25,3675.45,709614
2024-01-01 00:00:00+05:30,3689.0,3698.0,3667.5,3677.15,286683
2024-01-02 00:00:00+05:30,3689.0,3707.85,3642.5,3698.25,453685
2024-01-03 00:00:00+05:30,3708.0,3709.95,3665.0,3693.05,356757
2024-01-04 00:00:00+05:30,3696.0,3727.0,3686.65,3719.7,545228
2024-01-05 00:00:00+05:30,3719.7,3750.0,3687.25,3712.55,963628
2024-01-08 00:00:00+05:30,3770.0,3776.85,3695.8,3706.05,1202148
2024-01-09 00:00:00+05:30,3736.95,3753.95,3685.15,3694.0,572612
2024-01-10 00:00:00+05:30,3708.0,3730.0,3690.0,3714.45,556311
2024-01-11 00:00:00+05:30,3726.9,3742.7,3692.6,3698.6,392818
2024-01-12 00:00:00+05:30,3700.0,3734.3,3647.95,3726.0,990582
2024-01-15 00:00:00+05:30,3740.0,3775.0,3736.0,3758.85,661292
2024-01-16 00:00:00+05:30,3758.85,3858.0,3756.0,3820.3,1170685
2024-01-17 00:00:00+05:30,3818.95,3855.0,3800.0,3830.05,723356
2024-01-18 00:00:00+05:30,3791.35,3824.65,3718.85,3734.7,1293580
2024-01-19 00:00:00+05:30,3742.2,3861.5,3740.7,3810.6,2566367
2024-01-20 00:00:00+05:30,3833.95,3834.4,3780.0,3784.7,238575
2024-01-23 00:00:00+05:30,3786.0,3858.0,3705.75,3739.65,1053510
2024-01-24 00:00:00+05:30,3764.0,3780.0,3711.75,3767.85,636988
2024-01-25 00:00:00+05:30,3770.4,3796.95,3730.1,3770.2,646135
2024-01-29 00:00:00+05:30,3760.6,3875.0,3760.55,3866.65,699215
2024-01-30 00:00:00+05:30,3882.0,3886.95,3715.0,3735.75,852445
2024-01-31 00:00:00+05:30,3749.0,3775.0,3653.25,3697.55,1386754
2024-02-01 00:00:00+05:30,3738.0,3738.0,3601.0,3627.45,1408462
2024-02-02 00:00:00+05:30,3635.0,3713.45,3602.45,3612.4,2320153
2024-02-05 00:00:00+05:30,3612.95,3624.65,3534.9,3552.05,1771614
2024-02-06 00:00:00+05:30,3552.05,3577.95,3531.6,3559.15,1069901
2024-02-07 00:00:00+05:30,3578.0,3620.0,3555.8,3576.5,900220
2024-02-08 00:00:00+05:30,3604.8,3610.0,3503.0,3549.1,1011857
2024-02-09 00:00:00+05:30,3549.1,3597.9,3532.85,3591.6,838509
2024-02-12 00:00:00+05:30,3599.0,3618.6,3570.05,3585.25,487283
2024-02-13 00:00:00+05:30,3607.0,3608.75,3551.15,3559.95,796060
2024-02-14 00:00:00+05:30,3546.0,3593.85,3503.3,3585.55,1046318
2024-02-15 00:00:00+05:30,3595.05,3632.0,3571.0,3622.05,759063
2024-02-16 00:00:00+05:30,3648.0,3690.0,3624.5,3655.4,915502
2024-02-19 00:00:00+05:30,3671.95,3709.5,3650.0,3695.05,528874
2024-02-20 00:00:00+05:30,3700.0,3719.95,3665.5,3686.7,744107
2024-02-21 00:00:00+05:30,3652.05,3707.5,3640.0,3656.35,660426
2024-02-22 00:00:00+05:30,3676.0,3676.0,3555.35,3652.05,1017437
2024-02-23 00:00:00+05:30,3672.0,3737.0,3655.0,3691.95,897831
2024-02-26 00:00:00+05:30,3690.0,3690.0,3610.85,3622.5,546842
2024-02-27 00:00:00+05:30,3630.0,3675.0,3621.05,3653.85,673959
2024-02-28 00:00:00+05:30,3655.0,3669.0,3582.15,3594.7,538608
2024-02-29 00:00:00+05:30,3595.2,3654.0,3585.3,3624.4,1692242
2024-03-01 00:00:00+05:30,3630.0,3774.0,3626.0,3765.9,1533727
2024-03-02 00:00:00+05:30,3778.0,3778.0,3747.35,3764.1,51206
2024-03-04 00:00:00+05:30,3761.6,3764.1,3715.0,3732.4,787542
2024-03-05 00:00:00+05:30,3748.0,3759.15,3708.0,3750.75,733660
2024-03-06 00:00:00+05:30,3748.05,3815.0,3702.7,3810.75,765602
2024-03-07 00:00:00+05:30,3812.05,3824.25,3768.1,3786.9,838514
2024-03-11 00:00:00+05:30,3802.9,3808.0,3742.05,3750.15,597848
2024-03-12 00:00:00+05:30,3762.0,3766.0,3713.5,3748.8,564569
2024-03-13 00:00:00+05:30,3759.0,3762.0,3590.0,3625.7,1027729
2024-03-14 00:00:00+05:30,3629.95,3648.0,3580.15,3640.15,1293906
2024-03-15 00:00:00+05:30,3634.7,3655.95,3610.0,3633.2,1207241
2024-03-18 00:00:00+05:30,3619.0,3620.0,3565.1,3579.7,785257
2024-03-19 00:00:00+05:30,3579.0,3606.65,3547.05,3583.4,554444
2024-03-20 00:00:00+05:30,3583.4,3596.9,3550.0,3590.5,526882
2024-03-21 00:00:00+05:30,3606.95,3637.0,3590.05,3627.55,767905
2024-03-22 00:00:00+05:30,3627.55,3726.9,3621.25,3706.7,1281102
2024-03-26 00:00:00+05:30,3665.0,3729.95,3665.0,3698.2,1158224
2024-03-27 00:00:00+05:30,3699.0,3784.9,3692.8,3759.4,1315714
2024-03-28 00:00:00+05:30,3760.0,3838.3,3732.55,3801.8,1590738
2024-04-01 00:00:00+05:30,3822.95,3832.55,3730.5,3738.4,964052
2024-04-02 00:00:00+05:30,3754.0,3781.45,3734.1,3755.95,677963
2024-04-03 00:00:00+05:30,3745.1,3752.0,3705.0,3712.5,801601
2024-04-04 00:00:00+05:30,3740.0,3792.3,3679.0,3782.75,1177617
2024-04-05 00:00:00+05:30,3778.4,3801.9,3741.0,3754.45,623873
2024-04-08 00:00:00+05:30,3798.65,3808.3,3720.35,3748.9,849267
2024-04-09 00:00:00+05:30,3755.0,3761.0,3664.35,3679.35,745285
2024-04-10 00:00:00+05:30,3690.0,3720.35,3681.45,3711.2,567546
2024-04-12 00:00:00+05:30,3689.55,3694.8,3609.45,3619.3,1910561
2024-04-15 00:00:00+05:30,3607.0,3639.2,3590.0,3600.6,854076
2024-04-16 00:00:00+05:30,3589.0,3653.2,3583.0,3645.9,1116890
2024-04-18 00:00:00+05:30,3645.9,3660.0,3501.0,3525.1,1677946
2024-04-19 00:00:00+05:30,3525.1,3571.2,3478.25,3563.05,1507940
2024-04-22 00:00:00+05:30,3567.0,3615.0,3552.0,3596.75,668659
2024-04-23 00:00:00+05:30,3619.95,3648.0,3605.15,3633.0,769991
2024-04-24 00:00:00+05:30,3642.0,3644.85,3580.05,3609.75,652811
2024-04-25 00:00:00+05:30,3595.0,3602.5,3541.0,3571.1,1889163
2024-04-26 00:00:00+05:30,3588.0,3593.25,3556.3,3584.8,798783
2024-04-29 00:00:00+05:30,3585.0,3613.45,3573.15,3604.85,703524
2024-04-30 00:00:00+05:30,3602.65,3619.5,3580.0,3589.25,963220
2024-05-02 00:00:00+05:30,3585.0,3598.0,3546.3,3568.45,1435891
2024-05-03 00:00:00+05:30,3595.0,3599.0,3492.0,3533.9,1681592
2024-05-06 00:00:00+05:30,3476.0,3488.8,3257.0,3280.15,6891728
2024-05-07 00:00:00+05:30,3330.0,3332.0,3227.0,3270.9,3111444
2024-05-08 00:00:00+05:30,3275.4,3281.0,3238.45,3259.85,2054981
2024-05-09 00:00:00+05:30,3259.85,3322.5,3233.0,3245.7,1860654
2024-05-10 00:00:00+05:30,3258.1,3306.2,3242.75,3289.85,1307103
2024-05-13 00:00:00+05:30,3307.5,3308.0,3230.5,3253.65,1294603
2024-05-14 00:00:00+05:30,3250.0,3308.0,3250.0,3288.9,620163
2024-05-15 00:00:00+05:30,3304.0,3306.45,3260.0,3268.55,657036
2024-05-16 00:00:00+05:30,3276.3,3348.0,3251.3,3333.9,1404971
2024-05-17 00:00:00+05:30,3347.95,3368.0,3308.0,3361.15,1194228
2024-05-18 00:00:00+05:30,3376.0,3376.0,3345.0,3362.55,56642
2024-05-21 00:00:00+05:30,3355.0,3380.3,3351.0,3377.0,827674
2024-05-22 00:00:00+05:30,3384.75,3403.1,3360.0,3383.85,626567
2024-05-23 00:00:00+05:30,3383.0,3460.4,3377.75,3452.05,977789
2024-05-24 00:00:00+05:30,3452.1,3455.05,3404.2,3412.4,878625
2024-05-27 00:00:00+05:30,3423.95,3436.3,3390.3,3403.4,804488
2024-05-28 00:00:00+05:30,3404.0,3423.0,3392.15,3409.4,548576
2024-05-29 00:00:00+05:30,3405.35,3418.0,3371.1,3380.4,519533
2024-05-30 00:00:00+05:30,3365.0,3365.0,3254.0,3271.85,2365535
2024-05-31 00:00:00+05:30,3298.0,3328.8,3216.75,3241.9,2524214
2024-06-03 00:00:00+05:30,3310.0,3332.95,3250.0,3261.2,1378542
2024-06-04 00:00:00+05:30,3261.2,3295.2,3055.65,3238.95,2934800
2024-06-05 00:00:00+05:30,3266.0,3334.0,3201.05,3317.65,1396386
2024-06-06 00:00:00+05:30,3329.0,3360.0,3290.75,3321.65,1825503
2024-06-07 00:00:00+05:30,3294.4,3456.6,3294.4,3444.05,2084099
2024-06-10 00:00:00+05:30,3443.0,3452.0,3390.0,3422.2,1655552
2024-06-11 00:00:00+05:30,3418.2,3438.3,3401.9,3410.7,1086157
2024-06-12 00:00:00+05:30,3411.35,3418.9,3370.85,3382.3,2054168
2024-06-13 00:00:00+05:30,3424.95,3477.1,3390.0,3472.2,1753028
2024-06-14 00:00:00+05:30,3490.0,3535.0,3479.0,3530.05,2346892
2024-06-18 00:00:00+05:30,3554.8,3625.0,3538.0,3589.0,1585048
2024-06-19 00:00:00+05:30,3595.0,3595.0,3456.0,3462.35,1862394
2024-06-20 00:00:00+05:30,3474.0,3490.0,3418.1,3435.95,2377432
2024-06-21 00:00:00+05:30,3430.7,3473.65,3383.4,3399.75,2707405
2024-06-24 00:00:00+05:30,3380.35,3429.0,3372.3,3412.35,645002
2024-06-25 00:00:00+05:30,3412.55,3423.4,3384.9,3402.45,1299560
2024-06-26 00:00:00+05:30,3401.5,3401.5,3370.0,3372.75,1485709
2024-06-27 00:00:00+05:30,3370.0,3392.5,3361.05,3380.6,1462935
2024-06-28 00:00:00+05:30,3380.6,3419.9,3366.35,3404.2,1005498
2024-07-01 00:00:00+05:30,3382.0,3435.0,3381.5,3431.45,1001832
2024-07-02 00:00:00+05:30,3446.0,3450.0,3385.3,3399.65,878947
2024-07-03 00:00:00+05:30,3420.8,3426.95,3341.9,3360.25,980605
2024-07-04 00:00:00+05:30,3365.0,3369.9,3330.0,3336.0,741143
2024-07-05 00:00:00+05:30,3332.0,3332.0,3257.0,3269.35,2001382
2024-07-08 00:00:00+05:30,3204.0,3204.0,3126.1,3156.2,5323920
2024-07-09 00:00:00+05:30,3170.0,3222.05,3165.0,3215.15,2044328
2024-07-10 00:00:00+05:30,3217.75,3252.7,3190.5,3225.0,1437517
2024-07-11 00:00:00+05:30,3246.95,3258.75,3230.0,3248.6,1105185
2024-07-12 00:00:00+05:30,3266.0,3269.0,3220.05,3229.85,1496692
2024-07-15 00:00:00+05:30,3241.75,3252.4,3205.4,3224.2,1243810
2024-07-16 00:00:00+05:30,3227.95,3251.0,3224.1,3234.05,501336
2024-07-18 00:00:00+05:30,3232.95,3269.1,3206.0,3262.1,1086374
2024-07-19 00:00:00+05:30,3262.05,3279.0,3235.0,3259.0,1111191
2024-07-22 00:00:00+05:30,3250.0,3273.4,3223.2,3254.45,696255
2024-07-23 00:00:00+05:30,3255.1,3490.0,3232.15,3466.85,7159507
2024-07-24 00:00:00+05:30,3470.0,3552.5,3462.15,3478.4,3862140
2024-07-25 00:00:00+05:30,3415.0,3454.4,3384.45,3405.8,1476422
2024-07-26 00:00:00+05:30,3405.8,3501.7,3393.0,3494.15,1830745
2024-07-29 00:00:00+05:30,3495.0,3499.55,3388.0,3411.7,2213293
2024-07-30 00:00:00+05:30,3424.95,3479.0,3410.6,3468.25,1316880
2024-07-31 00:00:00+05:30,3479.05,3499.9,3446.55,3458.95,1361595
2024-08-01 00:00:00+05:30,3475.0,3492.0,3442.5,3468.35,879399
2024-08-02 00:00:00+05:30,3415.0,3477.9,3410.0,3462.35,1168195
2024-08-05 00:00:00+05:30,3320.05,3459.0,3316.5,3375.95,1932064
2024-08-06 00:00:00+05:30,3380.95,3416.35,3321.1,3335.1,976535
2024-08-07 00:00:00+05:30,3360.0,3368.85,3317.05,3326.25,1277139
2024-08-08 00:00:00+05:30,3337.0,3359.95,3283.9,3296.5,1280733
2024-08-09 00:00:00+05:30,3350.0,3350.0,3285.1,3331.7,1019809
2024-08-12 00:00:00+05:30,3331.65,3345.0,3295.35,3320.85,874598
2024-08-13 00:00:00+05:30,3330.0,3404.75,3305.4,3383.55,1314371
2024-08-14 00:00:00+05:30,3390.0,3416.2,3356.85,3402.15,997803
2024-08-16 00:00:00+05:30,3410.0,3450.1,3370.2,3444.75,1161982
2024-08-19 00:00:00+05:30,3436.2,3504.2,3436.2,3464.85,1135205
2024-08-20 00:00:00+05:30,3480.0,3483.1,3454.4,3474.9,526591
2024-08-21 00:00:00+05:30,3474.9,3582.0,3454.55,3560.4,1990034
2024-08-22 00:00:00+05:30,3574.95,3625.0,3553.7,3604.4,1531544
2024-08-23 00:00:00+05:30,3611.45,3622.85,3544.0,3570.0,1173387
2024-08-26 00:00:00+05:30,3592.0,3640.0,3574.05,3630.2,1156681
2024-08-27 00:00:00+05:30,3630.2,3658.8,3530.5,3551.25,1169007
2024-08-28 00:00:00+05:30,3559.65,3579.95,3519.9,3527.5,727481
2024-08-29 00:00:00+05:30,3537.0,3553.75,3510.0,3533.2,927472
2024-08-30 00:00:00+05:30,3550.0,3598.0,3542.5,3565.15,2116894
2024-09-02 00:00:00+05:30,3565.15,3601.95,3552.0,3587.55,718800
2024-09-03 00:00:00+05:30,3587.55,3634.9,3560.15,3621.15,1112614
2024-09-04 00:00:00+05:30,3586.1,3617.5,3568.2,3607.7,529856
2024-09-05 00:00:00+05:30,3616.6,3753.95,3600.4,3722.85,3437885
2024-09-06 00:00:00+05:30,3714.95,3742.0,3665.0,3695.5,1408795
2024-09-09 00:00:00+05:30,3690.1,3724.45,3653.75,3684.55,923357
2024-09-10 00:00:00+05:30,3704.0,3750.0,3666.0,3727.4,1109078
2024-09-11 00:00:00+05:30,3731.9,3743.5,3700.1,3711.1,831810
2024-09-12 00:00:00+05:30,3736.0,3774.0,3711.1,3764.25,1337327
2024-09-13 00:00:00+05:30,3777.0,3799.85,3740.0,3767.0,1003355
2024-09-16 00:00:00+05:30,3768.0,3789.0,3735.4,3740.65,386602
2024-09-17 00:00:00+05:30,3759.9,3777.0,3727.3,3767.4,392339
2024-09-18 00:00:00+05:30,3769.0,3786.0,3708.0,3725.35,420638
2024-09-19 00:00:00+05:30,3750.0,3795.0,3741.1,3780.95,945257
2024-09-20 00:00:00+05:30,3793.0,3819.0,3740.0,3797.2,1951755
2024-09-23 00:00:00+05:30,3797.2,3829.0,3781.0,3820.1,530107
2024-09-24 00:00:00+05:30,3818.0,3839.9,3781.55,3784.9,1281513
2024-09-25 00:00:00+05:30,3800.0,3803.55,3710.05,3737.25,942343
2024-09-26 00:00:00+05:30,3738.0,3777.15,3701.4,3757.55,1863893
2024-09-27 00:00:00+05:30,3774.0,3867.0,3751.2,3816.7,2164755
2024-09-30 00:00:00+05:30,3786.0,3863.55,3786.0,3823.95,1068609
2024-10-01 00:00:00+05:30,3823.95,3837.95,3757.0,3775.95,774221
2024-10-03 00:00:00+05:30,3689.1,3782.0,3650.05,3674.95,1597560
2024-10-04 00:00:00+05:30,3625.0,3753.8,3625.0,3670.1,1542987
2024-10-07 00:00:00+05:30,3739.95,3748.0,3552.3,3589.25,2523321
2024-10-08 00:00:00+05:30,3589.25,3595.0,3480.0,3493.35,1360120
2024-10-09 00:00:00+05:30,3518.0,3558.8,3486.6,3493.45,1063802
2024-10-10 00:00:00+05:30,3510.0,3531.55,3415.1,3447.25,1488328
2024-10-11 00:00:00+05:30,3464.0,3491.0,3444.3,3474.4,858463
2024-10-14 00:00:00+05:30,3474.4,3525.0,3452.55,3497.8,593206
2024-10-15 00:00:00+05:30,3523.95,3529.45,3477.0,3508.5,578719
2024-10-16 00:00:00+05:30,3508.0,3510.0,3440.0,3471.0,591644
2024-10-17 00:00:00+05:30,3487.0,3487.0,3380.1,3403.35,560796
2024-10-18 00:00:00+05:30,3395.0,3422.35,3296.1,3381.45,1249585
2024-10-21 00:00:00+05:30,3417.95,3419.85,3335.5,3363.25,714746
2024-10-22 00:00:00+05:30,3374.9,3421.5,3319.25,3329.8,882086
2024-10-23 00:00:00+05:30,3330.0,3335.0,3282.5,3288.6,877837
2024-10-24 00:00:00+05:30,3301.05,3342.9,3279.2,3330.9,764369
2024-10-25 00:00:00+05:30,3332.0,3342.35,3232.35,3266.55,805013
2024-10-28 00:00:00+05:30,3270.0,3315.0,3254.05,3283.05,736462
2024-10-29 00:00:00+05:30,3285.8,3298.0,3227.0,3283.4,702769
2024-10-30 00:00:00+05:30,3261.0,3321.8,3235.1,3308.45,895278
2024-10-31 00:00:00+05:30,3291.0,3299.9,3253.6,3267.05,1170306
2024-11-01 00:00:00+05:30,3304.0,3317.6,3282.35,3293.7,176636
2024-11-04 00:00:00+05:30,3318.0,3318.0,3190.1,3222.0,1122152
2024-11-05 00:00:00+05:30,3206.0,3258.9,3185.0,3230.25,872402
2024-11-06 00:00:00+05:30,3145.0,3208.95,3114.0,3177.05,4522923
2024-11-07 00:00:00+05:30,3180.0,3186.05,3108.1,3120.85,1608603
2024-11-08 00:00:00+05:30,3121.0,3192.9,3106.0,3186.25,1719882
2024-11-11 00:00:00+05:30,3191.6,3230.05,3158.25,3206.6,1054929
2024-11-12 00:00:00+05:30,3201.65,3239.0,3185.0,3198.45,992983
2024-11-13 00:00:00+05:30,3175.0,3221.6,3162.2,3187.85,911537
2024-11-14 00:00:00+05:30,3145.05,3195.15,3136.0,3183.7,1161637
2024-11-18 00:00:00+05:30,3183.7,3207.2,3157.5,3172.3,943251
2024-11-19 00:00:00+05:30,3192.0,3283.0,3172.3,3224.7,1174506
2024-11-21 00:00:00+05:30,3225.0,3233.95,3148.35,3178.45,1582159
2024-11-22 00:00:00+05:30,3174.85,3317.0,3152.15,3308.7,2207527
2024-11-25 00:00:00+05:30,3360.0,3369.85,3298.05,3309.1,1892510
2024-11-26 00:00:00+05:30,3310.0,3343.75,3295.7,3327.5,721345
2024-11-27 00:00:00+05:30,3325.0,3329.9,3280.15,3291.65,732835
2024-11-28 00:00:00+05:30,3292.0,3305.0,3200.35,3212.35,1701387
2024-11-29 00:00:00+05:30,3212.35,3260.0,3212.35,3249.0,1139585
2024-12-02 00:00:00+05:30,3249.0,3309.9,3222.05,3306.85,915980
2024-12-03 00:00:00+05:30,3290.0,3338.7,3276.6,3332.75,1162310
2024-12-04 00:00:00+05:30,3342.0,3383.0,3338.0,3364.45,1630076
2024-12-05 00:00:00+05:30,3374.95,3465.4,3353.6,3441.05,2383630
2024-12-06 00:00:00+05:30,3453.95,3499.65,3430.0,3470.1,1278516
2024-12-09 00:00:00+05:30,3467.5,3488.25,3446.9,3468.2,926422
2024-12-10 00:00:00+05:30,3470.0,3516.95,3436.05,3475.75,1063355
2024-12-11 00:00:00+05:30,3484.75,3490.75,3460.3,3473.1,554702
2024-12-12 00:00:00+05:30,3470.5,3473.1,3412.0,3445.75,926472
2024-12-13 00:00:00+05:30,3420.0,3518.0,3380.25,3508.85,1242351
2024-12-16 00:00:00+05:30,3505.0,3511.0,3429.0,3438.2,1295227
2024-12-17 00:00:00+05:30,3422.05,3449.4,3397.6,3406.1,1005604
2024-12-18 00:00:00+05:30,3401.2,3424.0,3390.0,3401.9,646145
2024-12-19 00:00:00+05:30,3349.6,3399.95,3332.0,3356.85,732634
2024-12-20 00:00:00+05:30,3350.0,3419.0,3333.15,3356.25,1235769
2024-12-23 00:00:00+05:30,3378.1,3406.3,3336.65,3396.95,691202
2024-12-24 00:00:00+05:30,3385.35,3419.0,3338.2,3353.4,485245
2024-12-26 00:00:00+05:30,3365.0,3371.85,3312.65,3323.05,637094
2024-12-27 00:00:00+05:30,3319.85,3345.0,3301.1,3309.2,568989
2024-12-30 00:00:00+05:30,3309.95,3317.95,3247.45,3257.35,941859
2024-12-31 00:00:00+05:30,3250.0,3275.65,3230.8,3253.15,616440
2025-01-01 00:00:00+05:30,3248.0,3269.9,3244.05,3253.85,357376
2025-01-02 00:00:00+05:30,3264.0,3400.95,3251.0,3388.95,1152493
2025-01-03 00:00:00+05:30,3395.0,3481.95,3377.95,3451.65,1630862
2025-01-06 00:00:00+05:30,3490.0,3528.5,3441.2,3470.4,2145936
2025-01-07 00:00:00+05:30,3490.0,3576.7,3485.0,3505.1,2389563
2025-01-08 00:00:00+05:30,3487.65,3514.5,3391.3,3484.05,1317377
2025-01-09 00:00:00+05:30,3485.95,3506.45,3461.55,3487.05,826237
2025-01-10 00:00:00+05:30,3462.0,3488.0,3428.75,3440.25,570060
2025-01-13 00:00:00+05:30,3380.0,3467.0,3352.5,3382.75,1282557
2025-01-14 00:00:00+05:30,3400.0,3429.0,3310.0,3322.5,1133561
2025-01-15 00:00:00+05:30,3322.0,3340.5,3283.0,3323.5,1169593
2025-01-16 00:00:00+05:30,3327.0,3338.85,3282.0,3316.9,1170734
2025-01-17 00:00:00+05:30,3319.9,3368.0,3285.05,3357.4,559153
2025-01-20 00:00:00+05:30,3374.1,3407.7,3347.5,3382.25,722342
2025-01-21 00:00:00+05:30,3400.95,3412.7,3335.15,3353.35,1016047
2025-01-22 00:00:00+05:30,3354.8,3385.0,3334.65,3356.45,598329
2025-01-23 00:00:00+05:30,3356.45,3433.0,3325.5,3398.55,713603
2025-01-24 00:00:00+05:30,3407.0,3447.65,3380.45,3402.15,564244
2025-01-27 00:00:00+05:30,3388.0,3401.95,3307.25,3319.35,618309
2025-01-28 00:00:00+05:30,3319.35,3370.85,3299.55,3325.9,579957
2025-01-29 00:00:00+05:30,3339.2,3375.0,3309.05,3370.75,570137
2025-01-30 00:00:00+05:30,3370.65,3390.0,3345.2,3368.4,688608
2025-01-31 00:00:00+05:30,3400.0,3527.45,3392.4,3490.25,1212261
2025-02-01 00:00:00+05:30,3527.0,3635.15,3408.0,3552.0,2186692
2025-02-03 00:00:00+05:30,3565.0,3642.55,3551.75,3580.3,1543897
2025-02-04 00:00:00+05:30,3590.0,3614.0,3520.0,3597.7,1279779
2025-02-05 00:00:00+05:30,3596.0,3652.0,3472.2,3490.9,2165947
2025-02-06 00:00:00+05:30,3490.9,3504.25,3397.85,3410.75,1059617
2025-02-07 00:00:00+05:30,3414.9,3453.9,3388.2,3424.8,740155
2025-02-10 00:00:00+05:30,3415.0,3425.0,3311.0,3327.45,904436
2025-02-11 00:00:00+05:30,3334.7,3348.0,3271.6,3281.8,903965
2025-02-12 00:00:00+05:30,3282.75,3317.4,3212.6,3255.45,774619
2025-02-13 00:00:00+05:30,3250.25,3277.95,3215.2,3231.5,727243
2025-02-14 00:00:00+05:30,3236.3,3253.0,3186.45,3213.25,587411
2025-02-17 00:00:00+05:30,3195.25,3238.5,3176.0,3233.2,712614
2025-02-18 00:00:00+05:30,3234.8,3244.0,3192.3,3221.85,592636
2025-02-19 00:00:00+05:30,3220.0,3253.65,3191.8,3210.3,521953
2025-02-20 00:00:00+05:30,3210.0,3218.65,3188.15,3191.45,653151
2025-02-21 00:00:00+05:30,3191.45,3205.95,3162.25,3179.9,407794
2025-02-24 00:00:00+05:30,3131.0,3187.95,3131.0,3173.0,431232
2025-02-25 00:00:00+05:30,3140.0,3211.5,3136.55,3198.8,642281
2025-02-27 00:00:00+05:30,3198.8,3228.0,3176.95,3223.1,604023
2025-02-28 00:00:00+05:30,3202.0,3217.95,3060.0,3077.25,1322618
2025-03-03 00:00:00+05:30,3090.0,3102.1,3057.75,3082.0,516171
2025-03-04 00:00:00+05:30,3050.0,3070.0,3017.0,3048.5,1186136
2025-03-05 00:00:00+05:30,3048.5,3107.45,3035.7,3086.55,579883
2025-03-06 00:00:00+05:30,3091.2,3131.65,3047.0,3121.1,1399483
2025-03-07 00:00:00+05:30,3121.1,3124.6,3074.65,3079.35,1020056
2025-03-10 00:00:00+05:30,3080.0,3083.0,3021.1,3026.8,855408
2025-03-11 00:00:00+05:30,3015.0,3055.9,3010.0,3046.4,576260
2025-03-12 00:00:00+05:30,3037.4,3053.8,2996.05,3018.95,489535
2025-03-13 00:00:00+05:30,3019.4,3049.5,3000.3,3010.15,785215
2025-03-17 00:00:00+05:30,2985.05,3036.4,2985.05,3017.35,632348
2025-03-18 00:00:00+05:30,3030.75,3088.0,3015.4,3081.7,865951
2025-03-19 00:00:00+05:30,3088.05,3095.0,3058.2,3076.3,730983
2025-03-20 00:00:00+05:30,3100.0,3205.0,3080.0,3193.1,1542807
2025-03-21 00:00:00+05:30,3186.95,3190.0,3154.95,3162.7,1181974
2025-03-24 00:00:00+05:30,3168.2,3175.95,3075.0,3079.1,1481216
2025-03-25 00:00:00+05:30,3085.0,3099.95,3046.0,3053.7,1174346
2025-03-26 00:00:00+05:30,3068.95,3077.75,3034.55,3057.5,1010449
2025-03-27 00:00:00+05:30,3047.55,3097.7,3047.55,3087.65,1635143
2025-03-28 00:00:00+05:30,3094.0,3111.8,3051.05,3063.35,778417
2025-04-01 00:00:00+05:30,3053.7,3075.7,2982.0,2986.95,1068622
2025-04-02 00:00:00+05:30,3011.0,3105.0,2971.15,3098.45,1674921
2025-04-03 00:00:00+05:30,3071.0,3151.0,3068.0,3127.55,1115568
2025-04-04 00:00:00+05:30,3099.0,3114.9,3050.0,3076.2,901801
2025-04-07 00:00:00+05:30,2925.0,3048.0,2925.0,3022.2,1378989
2025-04-08 00:00:00+05:30,3149.7,3227.25,3101.0,3122.3,2830156
2025-04-09 00:00:00+05:30,3137.85,3188.25,3090.7,3174.15,1215988
2025-04-11 00:00:00+05:30,3222.0,3242.55,3201.25,3234.9,814920
2025-04-15 00:00:00+05:30,3270.0,3285.0,3245.1,3273.4,1121769
2025-04-16 00:00:00+05:30,3250.0,3286.0,3245.1,3272.1,889943
2025-04-17 00:00:00+05:30,3250.0,3334.8,3211.2,3327.5,1083612
2025-04-21 00:00:00+05:30,3314.0,3353.5,3290.0,3336.1,672129
2025-04-22 00:00:00+05:30,3336.1,3358.8,3320.1,3337.4,609213
2025-04-23 00:00:00+05:30,3357.0,3373.7,3315.5,3357.3,628656
2025-04-24 00:00:00+05:30,3356.8,3395.0,3344.0,3382.6,901747
2025-04-25 00:00:00+05:30,3382.6,3419.5,3316.0,3365.2,704325
2025-04-28 00:00:00+05:30,3356.0,3397.4,3351.0,3369.1,384147
2025-04-29 00:00:00+05:30,3375.9,3398.0,3354.0,3378.6,575435
2025-04-30 00:00:00+05:30,3374.0,3409.0,3354.3,3379.7,708818
2025-05-02 00:00:00+05:30,3362.1,3381.5,3324.0,3341.0,668467
2025-05-05 00:00:00+05:30,3357.7,3408.5,3307.0,3321.8,565178
2025-05-06 00:00:00+05:30,3321.8,3325.3,3245.5,3299.3,650789
2025-05-07 00:00:00+05:30,3280.0,3381.0,3260.2,3338.9,1047443
2025-05-08 00:00:00+05:30,3349.9,3412.5,3325.0,3369.3,1597339
2025-05-09 00:00:00+05:30,3367.0,3530.0,3354.2,3510.3,2863992
2025-05-12 00:00:00+05:30,3537.2,3585.0,3530.3,3562.9,956930
2025-05-13 00:00:00+05:30,3562.9,3588.4,3540.1,3563.2,996541
2025-05-14 00:00:00+05:30,3555.0,3610.0,3550.0,3587.6,588159
2025-05-15 00:00:00+05:30,3597.0,3665.0,3553.9,3636.8,1227751
2025-05-16 00:00:00+05:30,3654.0,3655.9,3613.4,3633.7,525064
2025-05-19 00:00:00+05:30,3617.0,3649.5,3611.4,3617.7,376760
2025-05-20 00:00:00+05:30,3617.7,3620.0,3575.1,3580.6,811416
2025-05-21 00:00:00+05:30,3570.0,3623.1,3567.3,3580.5,415016
2025-05-22 00:00:00+05:30,3565.0,3575.0,3516.1,3541.0,709846
2025-05-23 00:00:00+05:30,3531.0,3606.3,3523.0,3579.7,416717
2025-05-26 00:00:00+05:30,3576.0,3640.0,3570.4,3610.3,525514
2025-05-27 00:00:00+05:30,3615.0,3639.0,3562.2,3589.4,1019733
2025-05-28 00:00:00+05:30,3595.0,3601.6,3545.0,3574.7,449324
2025-05-29 00:00:00+05:30,3580.0,3600.0,3560.1,3588.3,513095
2025-05-30 00:00:00+05:30,3580.0,3605.0,3542.1,3555.0,962944
2025-06-02 00:00:00+05:30,3525.1,3542.0,3475.9,3525.5,726392
2025-06-03 00:00:00+05:30,3525.5,3580.0,3503.5,3519.8,676943
2025-06-04 00:00:00+05:30,3506.1,3519.8,3486.0,3499.8,410354
2025-06-05 00:00:00+05:30,3498.7,3535.0,3474.2,3504.0,608651
2025-06-06 00:00:00+05:30,3524.0,3570.9,3486.2,3559.9,602422
2025-06-09 00:00:00+05:30,3564.8,3580.0,3521.2,3533.9,540262
2025-06-10 00:00:00+05:30,3545.0,3545.0,3506.1,3524.2,561695
2025-06-11 00:00:00+05:30,3525.0,3549.0,3505.0,3541.6,505077
2025-06-12 00:00:00+05:30,3548.0,3559.8,3445.5,3452.7,811822
2025-06-13 00:00:00+05:30,3409.7,3440.8,3383.0,3421.9,821750
2025-06-16 00:00:00+05:30,3411.0,3453.7,3396.2,3438.1,534665
2025-06-17 00:00:00+05:30,3428.0,3437.6,3395.4,3405.7,1000345
2025-06-18 00:00:00+05:30,3406.0,3480.0,3390.0,3467.8,972739
2025-06-19 00:00:00+05:30,3478.8,3521.6,3467.8,3505.4,1022566
2025-06-20 00:00:00+05:30,3500.0,3545.0,3489.0,3519.0,2941214
2025-06-23 00:00:00+05:30,3480.2,3528.5,3473.0,3505.7,643325
2025-06-24 00:00:00+05:30,3523.1,3567.0,3506.1,3526.0,968797
2025-06-25 00:00:00+05:30,3550.0,3665.0,3550.0,3652.2,2697912
2025-06-26 00:00:00+05:30,3655.0,3700.5,3644.0,3694.7,1620497
2025-06-27 00:00:00+05:30,3700.0,3709.1,3659.5,3666.2,601285
2025-06-30 00:00:00+05:30,3666.2,3698.5,3652.0,3690.2,921775
2025-07-01 00:00:00+05:30,3699.0,3726.5,3667.0,3700.5,947173
2025-07-02 00:00:00+05:30,3705.0,3721.9,3689.0,3708.0,583514
2025-07-03 00:00:00+05:30,3702.0,3712.9,3672.2,3678.7,528710
2025-07-04 00:00:00+05:30,3666.0,3690.1,3645.1,3686.9,629926
2025-07-07 00:00:00+05:30,3675.5,3696.0,3647.9,3666.1,829472
2025-07-08 00:00:00+05:30,3581.8,3581.8,3435.0,3441.3,3952270
2025-07-09 00:00:00+05:30,3441.3,3461.5,3420.6,3432.1,1868271
2025-07-10 00:00:00+05:30,3432.1,3445.0,3414.0,3419.8,496586
2025-07-11 00:00:00+05:30,3408.0,3422.2,3357.0,3361.6,856956
2025-07-14 00:00:00+05:30,3372.0,3410.0,3344.0,3404.7,755781
2025-07-15 00:00:00+05:30,3418.0,3422.0,3387.7,3415.0,686088
2025-07-16 00:00:00+05:30,3417.0,3422.2,3388.5,3417.3,669532
2025-07-17 00:00:00+05:30,3418.4,3448.0,3416.5,3433.3,559482
2025-07-18 00:00:00+05:30,3444.0,3444.0,3392.0,3402.9,293360
2025-07-21 00:00:00+05:30,3391.0,3439.1,3365.2,3433.0,561799
2025-07-22 00:00:00+05:30,3450.0,3490.0,3430.3,3472.4,1752275
2025-07-23 00:00:00+05:30,3472.4,3481.9,3444.0,3471.4,584590
2025-07-24 00:00:00+05:30,3467.4,3489.8,3458.0,3484.4,630718
2025-07-25 00:00:00+05:30,3476.4,3480.0,3447.0,3462.8,624410
2025-07-28 00:00:00+05:30,3453.0,3462.6,3382.0,3393.0,603916
2025-07-29 00:00:00+05:30,3390.0,3397.0,3355.6,3379.2,511042
2025-07-30 00:00:00+05:30,3380.0,3393.5,3345.3,3376.5,443735
2025-07-31 00:00:00+05:30,3340.0,3364.5,3315.5,3347.3,553157
2025-08-01 00:00:00+05:30,3340.0,3347.3,3307.0,3316.0,422977
2025-08-04 00:00:00+05:30,3315.0,3365.0,3308.1,3356.3,450434
2025-08-05 00:00:00+05:30,3356.3,3443.0,3348.0,3418.2,837335
2025-08-06 00:00:00+05:30,3437.0,3462.4,3400.0,3417.7,635456
2025-08-07 00:00:00+05:30,3380.0,3437.0,3377.7,3415.7,509599
2025-08-08 00:00:00+05:30,3450.1,3489.8,3403.1,3460.2,2184271
2025-08-11 00:00:00+05:30,3473.0,3487.3,3402.8,3467.9,563586
2025-08-12 00:00:00+05:30,3467.9,3534.0,3460.1,3486.8,929276
2025-08-13 00:00:00+05:30,3486.8,3494.9,3463.2,3466.8,360474
2025-08-14 00:00:00+05:30,3476.5,3505.8,3464.1,3489.4,597987
2025-08-18 00:00:00+05:30,3496.0,3574.8,3493.5,3554.8,1253006
2025-08-19 00:00:00+05:30,3555.0,3577.3,3545.0,3568.1,537433
2025-08-20 00:00:00+05:30,3560.0,3602.9,3552.0,3595.0,517031
2025-08-21 00:00:00+05:30,3595.0,3625.0,3588.2,3616.3,673486
2025-08-22 00:00:00+05:30,3616.3,3641.4,3607.7,3621.0,691835
2025-08-25 00:00:00+05:30,3629.7,3669.6,3615.5,3651.4,700503
2025-08-26 00:00:00+05:30,3662.8,3672.8,3589.1,3594.0,960778
2025-08-28 00:00:00+05:30,3552.1,3650.9,3552.1,3637.7,989246
2025-08-29 00:00:00+05:30,3637.7,3642.0,3603.6,3628.8,660956
2025-09-01 00:00:00+05:30,3631.0,3653.4,3610.4,3618.6,297533
2025-09-02 00:00:00+05:30,3614.0,3655.8,3606.1,3620.6,536300
2025-09-03 00:00:00+05:30,3605.0,3697.9,3590.0,3690.6,791874
2025-09-04 00:00:00+05:30,3740.0,3740.0,3676.8,3691.1,635811
2025-09-05 00:00:00+05:30,3695.0,3700.0,3660.0,3665.3,454120
2025-09-08 00:00:00+05:30,3653.0,3683.6,3640.0,3658.0,548987
2025-09-09 00:00:00+05:30,3667.8,3667.8,3619.2,3630.1,428367
2025-09-10 00:00:00+05:30,3632.0,3648.7,3608.2,3620.6,408800
2025-09-11 00:00:00+05:30,3620.0,3644.0,3580.0,3584.2,495417
2025-09-12 00:00:00+05:30,3589.9,3598.2,3563.9,3571.9,275049
2025-09-15 00:00:00+05:30,3556.0,3576.5,3515.0,3534.1,362285
2025-09-16 00:00:00+05:30,3525.0,3570.3,3502.0,3556.8,724742
2025-09-17 00:00:00+05:30,3561.9,3572.7,3513.2,3523.0,659866
2025-09-18 00:00:00+05:30,3530.0,3546.0,3503.4,3511.3,829442
2025-09-19 00:00:00+05:30,3504.0,3511.3,3460.0,3467.2,2337255
2025-09-22 00:00:00+05:30,3458.2,3477.0,3440.0,3457.5,817833
2025-09-23 00:00:00+05:30,3465.2,3465.3,3405.0,3439.2,1144975
2025-09-24 00:00:00+05:30,3430.0,3437.4,3411.0,3418.3,690454
2025-09-25 00:00:00+05:30,3408.0,3419.9,3370.0,3378.5,1139904
2025-09-26 00:00:00+05:30,3387.7,3402.0,3303.1,3327.3,7524068
2025-09-29 00:00:00+05:30,3327.0,3418.0,3327.0,3401.2,1452636
2025-09-30 00:00:00+05:30,3452.0,3474.5,3355.0,3367.0,1733728
2025-10-01 00:00:00+05:30,3370.0,3414.9,3351.0,3408.3,798754
2025-10-03 00:00:00+05:30,3379.9,3459.0,3378.0,3453.3,1655328
2025-10-06 00:00:00+05:30,3453.3,3459.3,3401.0,3425.4,1184781
2025-10-07 00:00:00+05:30,3425.0,3445.9,3411.0,3418.2,996165
2025-10-08 00:00:00+05:30,3474.0,3580.0,3460.0,3565.6,4531362
2025-10-09 00:00:00+05:30,3559.8,3561.7,3526.4,3550.6,597739
2025-10-10 00:00:00+05:30,3548.9,3571.7,3523.3,3531.9,825274
2025-10-13 00:00:00+05:30,3518.0,3545.0,3509.5,3533.6,606122
2025-10-14 00:00:00+05:30,3533.0,3549.4,3506.5,3537.4,925998
2025-10-15 00:00:00+05:30,3532.9,3561.9,3511.0,3549.0,1005045
2025-10-16 00:00:00+05:30,3549.0,3652.0,3540.0,3640.3,1528118
2025-10-17 00:00:00+05:30,3635.0,3715.0,3633.0,3674.8,1123500
2025-10-20 00:00:00+05:30,3680.0,3749.9,3676.2,3737.2,707974
2025-10-21 00:00:00+05:30,3737.2,3746.0,3719.0,3729.0,156306
2025-10-23 00:00:00+05:30,3765.0,3800.0,3738.3,3772.3,1622402
2025-10-24 00:00:00+05:30,3775.0,3781.0,3706.1,3714.9,563296
2025-10-27 00:00:00+05:30,3714.0,3753.9,3710.0,3739.8,856124
2025-10-28 00:00:00+05:30,3750.0,3770.0,3688.1,3717.0,1482961
2025-10-29 00:00:00+05:30,3734.2,3753.5,3714.2,3748.3,789557
2025-10-30 00:00:00+05:30,3745.0,3773.9,3720.1,3750.7,544151
2025-10-31 00:00:00+05:30,3758.9,3783.0,3739.5,3746.7,900994
2025-11-03 00:00:00+05:30,3730.0,3762.0,3667.3,3724.5,1119367
2025-11-04 00:00:00+05:30,3724.5,3827.0,3715.0,3813.5,2524600
2025-11-06 00:00:00+05:30,3780.0,3837.7,3761.6,3774.4,927231
2025-11-07 00:00:00+05:30,3766.0,3792.0,3736.0,3769.3,728998
2025-11-10 00:00:00+05:30,3788.0,3815.0,3769.3,3803.0,599567
2025-11-11 00:00:00+05:30,3810.5,3820.0,3752.1,3812.4,668789
2025-11-12 00:00:00+05:30,3838.0,3877.0,3804.2,3851.1,805025
2025-11-13 00:00:00+05:30,3860.0,3867.9,3817.0,3839.2,668623
2025-11-14 00:00:00+05:30,3839.2,3854.7,3800.0,3829.2,575050
2025-11-17 00:00:00+05:30,3848.0,3874.3,3821.5,3868.6,504928
2025-11-18 00:00:00+05:30,3865.0,3900.0,3841.6,3879.2,849966
2025-11-19 00:00:00+05:30,3882.9,3940.5,3862.4,3933.1,1578123
2025-11-20 00:00:00+05:30,3950.0,3956.0,3895.0,3902.4,762391
2025-11-21 00:00:00+05:30,3901.0,3925.0,3882.1,3904.2,383311
2025-11-24 00:00:00+05:30,3915.5,3937.2,3865.0,3874.3,1258036
2025-11-25 00:00:00+05:30,3874.4,3908.4,3845.0,3855.1,680366
2025-11-26 00:00:00+05:30,3845.0,3914.5,3843.5,3897.7,364592
2025-11-27 00:00:00+05:30,3900.6,3927.0,3875.1,3903.3,542241
2025-11-28 00:00:00+05:30,3906.2,3934.9,3896.5,3907.7,574817
2025-12-01 00:00:00+05:30,3907.7,3910.7,3861.3,3894.9,603073
2025-12-02 00:00:00+05:30,3875.0,3899.6,3867.5,3885.8,661018
2025-12-03 00:00:00+05:30,3870.0,3880.0,3785.9,3817.8,770638
2025-12-04 00:00:00+05:30,3805.0,3830.0,3778.0,3800.4,776693
2025-12-05 00:00:00+05:30,3777.0,3828.0,3777.0,3813.3,508448
2025-12-08 00:00:00+05:30,3796.3,3825.0,3758.1,3767.0,545864
2025-12-09 00:00:00+05:30,3775.0,3874.0,3751.0,3849.0,1121068
2025-12-10 00:00:00+05:30,3831.0,3858.2,3825.6,3845.7,616248
2025-12-11 00:00:00+05:30,3830.4,3855.8,3777.0,3844.8,669180
2025-12-12 00:00:00+05:30,3844.8,3894.8,3831.9,3880.2,547866
2025-12-15 00:00:00+05:30,3861.3,3876.4,3850.0,3866.2,332337
2025-12-16 00:00:00+05:30,3850.0,3937.5,3828.0,3929.5,1560827
2025-12-17 00:00:00+05:30,3930.0,3935.7,3890.0,3907.9,601010
2025-12-18 00:00:00+05:30,3900.0,3924.0,3890.1,3919.3,516547
2025-12-19 00:00:00+05:30,3919.0,3961.9,3913.0,3930.1,730780
2025-12-22 00:00:00+05:30,3940.0,3950.8,3917.1,3933.8,569521
2025-12-23 00:00:00+05:30,3933.8,3956.3,3916.4,3925.8,445656
2025-12-24 00:00:00+05:30,3925.8,3935.0,3900.0,3909.3,399227
2025-12-26 00:00:00+05:30,3908.9,4006.9,3900.0,3992.0,1113050
2025-12-29 00:00:00+05:30,4010.0,4031.7,3978.0,3983.7,1242846
2025-12-30 00:00:00+05:30,3982.0,3993.5,3954.1,3974.1,1169570
2025-12-31 00:00:00+05:30,3984.0,4061.9,3975.1,4051.5,1358731
2026-01-01 00:00:00+05:30,4063.7,4068.0,4035.7,4049.3,444679
2026-01-02 00:00:00+05:30,4039.0,4060.0,3986.2,4051.7,659997
2026-01-05 00:00:00+05:30,4051.7,4094.0,4046.0,4079.7,629273
2026-01-06 00:00:00+05:30,4079.7,4120.5,4068.5,4111.8,820331
2026-01-07 00:00:00+05:30,4225.0,4312.1,4202.0,4273.2,3496340
2026-01-08 00:00:00+05:30,4273.2,4303.2,4239.0,4249.0,1055725
2026-01-09 00:00:00+05:30,4231.0,4279.0,4183.1,4201.8,883117
2026-01-12 00:00:00+05:30,4205.0,4242.0,4145.0,4231.6,514767
2026-01-13 00:00:00+05:30,4231.6,4267.6,4210.0,4239.2,770707
2026-01-14 00:00:00+05:30,4241.9,4283.0,4211.0,4221.5,998692
2026-01-16 00:00:00+05:30,4221.5,4236.4,4181.1,4196.9,686949
2026-01-19 00:00:00+05:30,4165.7,4207.4,4129.1,4144.1,365905
2026-01-20 00:00:00+05:30,4155.0,4155.0,4064.3,4075.5,586156
2026-01-21 00:00:00+05:30,4075.5,4109.9,4053.5,4079.2,552760
2026-01-22 00:00:00+05:30,4099.0,4128.0,3980.8,4018.6,818966
2026-01-23 00:00:00+05:30,4025.1,4063.3,3980.0,4021.8,1015415
2026-01-27 00:00:00+05:30,4021.8,4040.0,3955.0,3997.0,1760501
2026-01-28 00:00:00+05:30,4002.0,4025.8,3964.9,3975.2,809022
2026-01-29 00:00:00+05:30,3960.8,3968.6,3843.1,3939.7,1145612
2026-01-30 00:00:00+05:30,3945.0,3995.0,3909.8,3977.4,1427639
2026-02-01 00:00:00+05:30,3988.0,4143.5,3870.4,3985.3,1114181
2026-02-02 00:00:00+05:30,4000.0,4000.0,3893.3,3953.2,1273196
2026-02-03 00:00:00+05:30,4143.0,4143.0,4044.1,4068.6,1043274
2026-02-04 00:00:00+05:30,4087.0,4160.0,4066.2,4144.0,917279
2026-02-05 00:00:00+05:30,4152.3,4152.3,4063.1,4097.6,693637
2026-02-06 00:00:00+05:30,4097.6,4154.0,4065.3,4141.0,888701
2026-02-09 00:00:00+05:30,4200.2,4269.4,4155.0,4257.8,1092387
2026-02-10 00:00:00+05:30,4300.0,4329.6,4239.6,4269.1,1713633
2026-02-11 00:00:00+05:30,4350.0,4378.4,4208.0,4249.1,3342226
2026-02-12 00:00:00+05:30,4232.4,4286.4,4182.3,4275.8,998509
2026-02-13 00:00:00+05:30,4267.3,4271.8,4164.8,4179.2,524758
2026-02-16 00:00:00+05:30,4155.0,4196.0,4128.8,4181.1,500349
2026-02-17 00:00:00+05:30,4167.1,4244.9,4155.0,4236.4,464123
2026-02-18 00:00:00+05:30,4251.0,4257.9,4214.3,4248.6,387328
2026-02-19 00:00:00+05:30,4225.0,4261.0,4191.0,4198.2,406232
2026-02-20 00:00:00+05:30,4200.5,4252.1,4200.2,4236.4,532169
2026-02-23 00:00:00+05:30,4270.0,4280.0,4240.1,4272.7,516387
2026-02-24 00:00:00+05:30,4240.4,4300.0,4235.0,4294.5,491126
2026-02-25 00:00:00+05:30,4304.0,4349.0,4289.8,4325.0,586295
2026-02-26 00:00:00+05:30,4330.0,4352.2,4307.0,4342.6,520985
2026-02-27 00:00:00+05:30,4341.6,4352.0,4311.8,4327.5,1146258
2026-03-02 00:00:00+05:30,4288.8,4330.0,4193.0,4270.3,770589
2026-03-04 00:00:00+05:30,4205.0,4238.3,4083.5,4204.4,1024050
2026-03-05 00:00:00+05:30,4238.0,4302.5,4173.2,4275.2,691367
2026-03-06 00:00:00+05:30,4250.0,4302.0,4227.0,4244.6,580562
2026-03-09 00:00:00+05:30,4160.0,4199.7,4112.7,4159.2,576017
2026-03-10 00:00:00+05:30,4175.1,4242.9,4175.1,4220.1,788850
2026-03-11 00:00:00+05:30,4192.0,4234.9,4126.2,4140.3,454575
2026-03-12 00:00:00+05:30,4100.0,4179.0,4033.8,4129.6,1071366
2026-03-13 00:00:00+05:30,4091.0,4147.2,4046.0,4073.2,868825
2026-03-16 00:00:00+05:30,4057.0,4125.0,4002.2,4090.8,1013667
2026-03-17 00:00:00+05:30,4090.5,4110.0,4036.5,4090.5,1126905
2026-03-18 00:00:00+05:30,4083.7,4174.8,4077.8,4145.5,751307
2026-03-19 00:00:00+05:30,4104.4,4138.1,4017.9,4037.9,567278
2026-03-20 00:00:00+05:30,4046.9,4149.9,4040.9,4106.6,1019586
2026-03-23 00:00:00+05:30,4056.6,4059.0,3825.0,3853.1,1533645
2026-03-24 00:00:00+05:30,3950.3,3985.0,3843.0,3899.5,1300547
2026-03-25 00:00:00+05:30,3950.0,4097.0,3940.5,4039.3,1306823
2026-03-27 00:00:00+05:30,4000.0,4032.8,3972.0,3981.5,1040658
2026-03-30 00:00:00+05:30,3942.0,4007.4,3914.1,3951.4,1488223
2026-04-01 00:00:00+05:30,4000.0,4100.0,4000.0,4065.5,781974
2026-04-02 00:00:00+05:30,3996.0,4109.1,3944.7,4097.2,1614868
2026-04-06 00:00:00+05:30,4105.0,4257.9,4105.0,4246.1,1678285
2026-04-07 00:00:00+05:30,4235.3,4243.5,4168.8,4230.6,1274146
2026-04-08 00:00:00+05:30,4351.3,4505.0,4309.1,4492.5,3834533
2026-04-09 00:00:00+05:30,4475.0,4497.4,4414.1,4439.8,1385274
2026-04-10 00:00:00+05:30,4430.1,4523.9,4425.1,4505.0,1565192
2026-04-13 00:00:00+05:30,4391.1,4496.0,4391.1,4439.3,850456
2026-04-15 00:00:00+05:30,4490.1,4534.0,4447.3,4522.2,918513
2026-04-16 00:00:00+05:30,4554.0,4554.0,4440.0,4461.4,1283713
2026-04-17 00:00:00+05:30,4461.4,4531.8,4330.0,4525.9,2124034
2026-04-20 00:00:00+05:30,4532.1,4549.0,4467.7,4513.0,1646815
2026-04-21 00:00:00+05:30,4513.5,4544.5,4465.0,4479.7,656106
2026-04-22 00:00:00+05:30,4461.7,4492.0,4445.2,4454.6,596352
2026-04-23 00:00:00+05:30,4411.0,4474.0,4393.5,4456.5,680187
2026-04-24 00:00:00+05:30,4475.5,4486.6,4361.4,4410.0,958536
2026-04-27 00:00:00+05:30,4438.8,4464.0,4388.4,4441.8,649222
2026-04-28 00:00:00+05:30,4412.3,4475.0,4395.4,4417.0,620778
2026-04-29 00:00:00+05:30,4419.9,4472.4,4410.2,4439.8,702730
2026-04-30 00:00:00+05:30,4438.0,4438.0,4358.0,4385.2,869299
2026-05-04 00:00:00+05:30,4407.1,4447.4,4352.7,4363.0,709160
2026-05-05 00:00:00+05:30,4355.0,4397.0,4330.3,4373.6,850790
2026-05-06 00:00:00+05:30,4397.5,4441.1,4297.1,4359.6,1459870
2026-05-07 00:00:00+05:30,4349.9,4359.0,4261.0,4307.5,1377631
2026-05-08 00:00:00+05:30,4314.0,4605.0,4213.4,4509.0,4777990
2026-05-11 00:00:00+05:30,4350.4,4379.5,4150.1,4205.6,5925166
2026-05-12 00:00:00+05:30,4160.0,4213.6,4047.0,4055.3,1978748
2026-05-13 00:00:00+05:30,4030.0,4110.0,3985.1,4090.7,2841521
2026-05-14 00:00:00+05:30,4115.0,4147.0,4059.1,4135.2,1127140
2026-05-15 00:00:00+05:30,4155.0,4194.0,4142.4,4169.1,901617
2026-05-18 00:00:00+05:30,4130.1,4182.7,4065.6,4169.7,851825
2026-05-19 00:00:00+05:30,4136.3,4167.9,4095.0,4102.0,711398
2026-05-20 00:00:00+05:30,4053.0,4116.7,4053.0,4106.4,913576
2026-05-21 00:00:00+05:30,4120.0,4136.4,4070.0,4083.1,863060
2026-05-22 00:00:00+05:30,4057.2,4113.8,4054.1,4079.8,768112
2026-05-25 00:00:00+05:30,4120.1,4170.0,4110.4,4159.2,606086
2026-05-26 00:00:00+05:30,4151.9,4160.0,4091.0,4105.9,766717
2026-05-27 00:00:00+05:30,4098.3,4165.1,4091.1,4137.9,474044
2026-05-29 00:00:00+05:30,4116.2,4163.3,4059.0,4074.9,2001419
2026-06-01 00:00:00+05:30,4100.0,4105.0,4007.0,4024.6,450200
2026-06-02 00:00:00+05:30,4017.4,4088.0,3986.0,4078.1,522015
2026-06-03 00:00:00+05:30,4057.0,4103.8,4002.0,4088.8,959352
2026-06-04 00:00:00+05:30,4075.0,4273.8,4052.3,4231.0,1761933
2026-06-05 00:00:00+05:30,4269.0,4289.0,4223.2,4260.2,1390200
2026-06-08 00:00:00+05:30,4196.8,4238.1,4180.7,4192.4,666737
2026-06-09 00:00:00+05:30,4190.9,4217.0,4087.2,4104.9,1284964
2026-06-10 00:00:00+05:30,4104.9,4119.1,4035.0,4042.1,613629
2026-06-11 00:00:00+05:30,4020.1,4069.7,3962.8,4025.2,767665
2026-06-12 00:00:00+05:30,4067.8,4200.0,4052.7,4184.0,1122271
2026-06-15 00:00:00+05:30,4221.0,4297.0,4220.3,4283.5,1076822
2026-06-16 00:00:00+05:30,4298.1,4344.0,4283.5,4338.0,779706
2026-06-17 00:00:00+05:30,4338.0,4395.0,4327.5,4380.5,623868
2026-06-18 00:00:00+05:30,4380.0,4410.0,4333.1,4387.9,562833
2026-06-19 00:00:00+05:30,4360.0,4441.7,4360.0,4419.9,941346
2026-06-22 00:00:00+05:30,4405.3,4414.5,4353.0,4372.5,390835
2026-06-23 00:00:00+05:30,4375.0,4417.4,4291.1,4305.3,586588
2026-06-24 00:00:00+05:30,4302.0,4340.8,4263.7,4323.8,652078
2026-06-25 00:00:00+05:30,4335.0,4335.0,4225.0,4291.3,754050
2026-06-29 00:00:00+05:30,4285.0,4316.3,4266.6,4277.2,569087
2026-06-30 00:00:00+05:30,4277.5,4428.4,4275.0,4404.0,1243464
2026-07-01 00:00:00+05:30,4469.0,4504.5,4390.1,4395.0,1162255
